Building Address	Year Built	analysis_neighborhood	supervisor_district
425 2ND ST	1919	Financial District/South Beach	6
2550 Taylor St	1973	North Beach	3
1250 JONES ST	1929	Nob Hill	3
2540 NEWHALL ST.	0	Bayview Hunters Point	10
855 JACKSON ST	1958	Chinatown	3
418 GEARY ST	1911	Tenderloin	3
3743 MISSION ST	1926	Bernal Heights	9
2900 GEARY BLVD	1929	Presidio Heights	2
2101 Fulton St	NA	Lone Mountain/USF	1
962 BATTERY ST	1910	Financial District/South Beach	3
1535 EDDY ST	1993	Western Addition	5
720 WASHINGTON ST	1964	Chinatown	3
721 FILBERT ST	1907	Chinatown	3
123 MISSION ST	1987	Financial District/South Beach	6
190 Otis Street	1909	Mission	6
564 BUSH ST	1907	Financial District/South Beach	3
101 CALIFORNIA ST	1983	Financial District/South Beach	3
601 BRANNAN ST	0	Mission Bay	6
972 MISSION ST	1925	South of Market	6
665 GRANT AVE	1908	Chinatown	3
220 GRANT AVE	1908	Financial District/South Beach	3
240 GOLDEN GATE AVE	1907	Tenderloin	5
25 JESSIE ST	1982	Financial District/South Beach	6
450 10TH ST	1994	South of Market	6
1603 PINE ST	1997	Western Addition	2
208 PENNSYLVANIA AVE	2000	Potrero Hill	10
865 MARKET ST	NA	South of Market	6
69 GREEN ST	1986	Financial District/South Beach	3
2551 MISSION ST	1912	Mission	9
1760 BUSH ST	1972	Pacific Heights	5
808 BRANNAN ST	1930	South of Market	6
401 TARAVAL ST	1972	West of Twin Peaks	7
201 TURK ST	1993	Tenderloin	5
2140 PALOU AVE	1976	Bayview Hunters Point	10
2415 IRVING ST	1950	Sunset/Parkside	4
345 CHURCH ST	1983	Castro/Upper Market	8
1400 PINE ST	1993	Nob Hill	3
475 BEACH ST	1983	North Beach	3
414 BRANNAN ST	1924	South of Market	6
1310 TURK ST	1927	Western Addition	5
450 OFARRELL ST	1923	Tenderloin	5
988 FULTON ST	1999	Western Addition	5
10 LUPINE AVE	1957	Presidio Heights	2
251 KEARNY ST	1908	Financial District/South Beach	3
181 2ND ST	1911	Financial District/South Beach	6
333 SCHWERIN ST	1955	Visitacion Valley	10
9 PETER YORKE WAY	1962	Western Addition	2
1690 BROADWAY	1975	Pacific Heights	2
250 VALENCIA ST	1907	Mission	9
350 Bush St	2018	Financial District/South Beach	3
650 POTRERO AVE	1936	Mission	9
601 3RD ST	1920	Financial District/South Beach	6
100 BROADWAY	1927	Financial District/South Beach	3
346 9TH ST	1920	South of Market	6
410 EDDY ST	1907	Tenderloin	5
2330 POLK ST	1926	Russian Hill	3
548 BRANNAN ST	2003	South of Market	6
2090 BROADWAY	1936	Pacific Heights	2
345 SPEAR ST	1991	Financial District/South Beach	6
624 POST ST	1907	Nob Hill	3
208 LAKE MERCED BLVD	1975	Lakeshore	7
1711 OAKDALE AVE	NA	Bayview Hunters Point	10
2255 HAYES ST	1939	Lone Mountain/USF	5
220 POST ST	1907	Financial District/South Beach	3
432 POWELL ST	1930	Financial District/South Beach	3
5173 DIAMOND HEIGHTS BLVD	1980	Noe Valley	8
1522 BUSH ST	1916	Western Addition	2
2675 GEARY BLVD	1961	Lone Mountain/USF	2
631 GRANT AVE	1908	Chinatown	3
1275 HARRISON ST	1936	South of Market	6
355 BERRY ST	2007	Mission Bay	6
590 20th St	1916	Potrero Hill	10
400 POST ST	1909	Nob Hill	3
360 BERRY ST	2017	Mission Bay	6
335 BERRY ST	2009	Mission Bay	6
1835 FRANKLIN ST	1965	Pacific Heights	2
851 HOWARD ST	1924	South of Market	6
350 ALABAMA ST	2003	Mission	9
1025 HOWARD ST	1939	South of Market	6
151 EXECUTIVE PARK BL	NA	Bayview Hunters Point	10
130 BATTERY ST	1986	Financial District/South Beach	3
1830 OCEAN AVE	1985	West of Twin Peaks	7
1265 BATTERY ST	1982	Financial District/South Beach	3
348 ARKANSAS ST	1996	Potrero Hill	10
2300 16TH ST	1900	Mission	9
1150 VICENTE ST	1988	Sunset/Parkside	4
1301 16th St	2019	Mission Bay	10
2205 MISSION ST	1919	Mission	9
225 BAY SHORE BLVD	0	Bayview Hunters Point	10
559 CLAY ST	1906	Chinatown	3
555 FULTON ST	1957	Hayes Valley	5
300 4TH STREET	1984	South of Market	6
3535 GEARY BLVD	1936	Lone Mountain/USF	2
650 CALIFORNIA ST	1963	Chinatown	3
2645 OCEAN AVE	1963	West of Twin Peaks	7
701 CHINA BASIN ST	2016	Mission Bay	6
325 9TH ST	1919	South of Market	6
895 INDIANA ST	2009	Potrero Hill	10
2525 16TH ST	1924	Mission	9
277 GOLDEN GATE AVE	NA	Tenderloin	5
1300 CLAY ST	NA	Nob Hill	3
1900 19TH AVE	0	Inner Sunset	7
2973 16TH ST	1925	Mission	9
545 MISSION ST	1906	Financial District/South Beach	6
88 MISSOURI ST	1931	Mission Bay	10
1019 MARKET ST	1909	South of Market	6
2230 BRYANT ST	1900	Mission	9
10 BERTIE MINOR LN	NA	Western Addition	5
1045 BRYANT ST	1916	South of Market	6
655 ELLIS ST	1969	Tenderloin	5
930 VAN NESS AVE	1919	Tenderloin	5
1998 BROADWAY	1964	Pacific Heights	2
929 CLAY ST	1981	Chinatown	3
938 HOWARD ST	1924	South of Market	6
1509-1519 03RD ST	2021	Mission Bay	6
1900 GOUGH ST	1937	Pacific Heights	2
2701 VAN NESS AVE	1929	Marina	2
1 CALIFORNIA ST	1969	Financial District/South Beach	3
45 FREMONT ST	1978	Financial District/South Beach	6
2159 Chestnut St	1914	Marina	2
55 CYRIL MAGNIN ST	1983	Tenderloin	3
22 BATTERY ST	1908	Financial District/South Beach	3
5285 DIAMOND HEIGHTS BLVD	1972	Noe Valley	8
969 MARKET ST	1909	South of Market	6
638 19TH ST	2007	Potrero Hill	10
290 DIVISION ST	1924	South of Market	6
361 Turk St	2022	Tenderloin	5
100 POST ST	1909	Financial District/South Beach	3
150 GOLDEN GATE AVE	1912	Tenderloin	5
832 SANSOME ST	1912	Financial District/South Beach	3
550 TOWNSEND ST	1979	South of Market	6
1700 MONTGOMERY ST	1976	North Beach	3
3053 FILLMORE ST	1900	Marina	2
132 2ND ST	1907	Financial District/South Beach	6
378 GOLDEN GATE AVE	1911	Tenderloin	5
1155 Market St	NA	South of Market	6
2701 MISSION ST	1947	Mission	9
4141 GEARY BLVD	1969	Inner Richmond	1
617 BRYANT ST	1986	South of Market	6
140 CHESTNUT ST	1906	North Beach	3
54 MCALLISTER ST	1986	Tenderloin	5
750 OFARRELL ST	1913	Tenderloin	5
940 SUTTER ST	1925	Nob Hill	3
1333 PACIFIC AVE	1975	Russian Hill	3
2823 18th St	NA	Mission	9
950 TENNESSEE ST	1947	Potrero Hill	10
767 BRYANT ST	2002	South of Market	6
909 MONTGOMERY ST	1983	North Beach	3
120 8TH ST	1925	South of Market	6
342 GRANT AVE	1912	Financial District/South Beach	3
333 BRANNAN ST	1972	Financial District/South Beach	6
2460 ALAMEDA ST	2009	Mission	9
600 TOWNSEND ST	1989	South of Market	6
925 CORBETT AVE	1978	Twin Peaks	8
5825 MISSION ST	1989	Excelsior	11
400 BEALE ST	2002	Financial District/South Beach	6
690 CHESTNUT ST	1997	North Beach	3
75 DORE ST	2005	South of Market	6
1600 15TH ST	2013	Mission	9
5268 DIAMOND HEIGHTS BLVD	1964	Glen Park	8
440 ALABAMA ST	1946	Mission	9
101 MONTGOMERY ST	1984	Financial District/South Beach	3
100 Channel Street	2023	Mission Bay	6
2121 3RD ST	NA	Potrero Hill	10
2 NEW MONTGOMERY ST	1909	Financial District/South Beach	6
888 7TH ST	2007	Mission Bay	6
460 TOWNSEND ST	1915	Mission Bay	6
301 KING ST	NA	Mission Bay	6
901 Fairfax Ave	NA	Bayview Hunters Point	10
999 California St	1926	Nob Hill	3
600 CHESTNUT ST	1995	North Beach	3
2340 STOCKTON ST	1970	North Beach	3
1500 POLK ST	1970	Nob Hill	3
211 MAIN ST	1973	Financial District/South Beach	6
398 KANSAS ST	1912	Mission Bay	10
1150 OCEAN AVE	2012	West of Twin Peaks	7
270 Brannan Street	2017	Financial District/South Beach	6
765 MARKET ST	2001	Financial District/South Beach	6
2340 CHESTNUT ST	1937	Marina	2
2195 FULTON ST	2000	Lone Mountain/USF	1
431 SUTTER ST	1909	Financial District/South Beach	3
50 FRANCISCO ST	1976	North Beach	3
2720 TAYLOR ST	1974	North Beach	3
1800 BRYANT ST	2000	Mission	9
1680 EVANS AVE	1948	Bayview Hunters Point	10
1850 MISSION ST	1946	Mission	9
255 King St	2003	Mission Bay	6
275 BATTERY ST	1989	Financial District/South Beach	3
157 BLUXOME ST	1916	Mission Bay	6
181 3RD ST	1999	Financial District/South Beach	6
26 PIER	1900	Financial District/South Beach	6
2043 19TH AVE	1968	Sunset/Parkside	4
4150 17TH ST	1994	Castro/Upper Market	8
550 CALIFORNIA ST	1960	Financial District/South Beach	3
1155 BATTERY ST	1982	Financial District/South Beach	3
1 Thomas More Way	NA	Lakeshore	7
1055 FILLMORE ST	1984	Western Addition	5
1115 MARKET ST	1920	South of Market	6
366 CLEMENTINA ST	1949	South of Market	6
417 STOCKTON ST	1907	Financial District/South Beach	3
950 BATTERY ST	1932	Financial District/South Beach	3
1400 GRANT AVE	1907	North Beach	3
1337 SUTTER ST	1910	Western Addition	2
630 TREAT AVE	1920	Mission	9
900 NORTH POINT ST.	0	Russian Hill	2
1201 4TH ST	2009	Mission Bay	6
815 EDDY ST	1986	Western Addition	2
1940 LOMBARD ST	1980	Marina	2
400 SUTTER ST	1907	Financial District/South Beach	3
332 PINE ST	1912	Financial District/South Beach	3
531 ARBALLO DR	1942	Lakeshore	7
74 NEW MONTGOMERY ST	1907	Financial District/South Beach	6
219 BRANNAN ST	2000	Financial District/South Beach	6
1501 CUSTER AVE	1964	Bayview Hunters Point	10
170 O'FARRELL ST	1946	Financial District/South Beach	3
859 OFARRELL ST	1907	Tenderloin	5
2030 VALLEJO ST	1966	Marina	2
401 MASON ST	1916	Tenderloin	3
461 BUSH ST	1907	Financial District/South Beach	3
75 FOLSOM ST	1991	Financial District/South Beach	6
250 10TH ST	2020	South of Market	6
1075 SUTTER ST	1924	Nob Hill	3
2065 OAKDALE AVE	1964	Bayview Hunters Point	10
895 OFARRELL ST	1924	Tenderloin	5
1201 INGALLS ST	1976	Bayview Hunters Point	10
360 18TH AVE	1935	Outer Richmond	1
1015 FOLSOM ST	1932	South of Market	6
65 BATTERY ST	1918	Financial District/South Beach	3
200 JENNINGS ST	1982	Bayview Hunters Point	10
2295 TAYLOR ST	1919	Russian Hill	3
530 CHESTNUT ST	2001	North Beach	3
111 PINE ST	1963	Financial District/South Beach	3
425 CALIFORNIA ST	1968	Financial District/South Beach	3
355 OCEAN AVE	1968	Outer Mission	11
3175 17TH ST	1926	Mission	9
785 MARKET ST	1907	Financial District/South Beach	6
816 WASHINGTON ST	1907	Chinatown	3
1355 SUTTER ST	1975	Western Addition	2
827 HYDE ST	1907	Nob Hill	3
4645 Mission St	1922	Excelsior	11
218 STOCKTON ST	1908	Financial District/South Beach	3
355 SUTTER ST	1910	Financial District/South Beach	3
85 West Portal Ave.	1925	West of Twin Peaks	7
429 CASTRO ST	1922	Castro/Upper Market	8
300 PINE ST	1909	Financial District/South Beach	3
420 BERRY ST	2007	Mission Bay	6
1195 INGALLS ST	1996	Bayview Hunters Point	10
133 SHIPLEY ST	1973	South of Market	6
433 CALIFORNIA ST	1913	Financial District/South Beach	3
500 ALEMANY BLVD	NA	Bernal Heights	9
2075 FOLSOM ST	1969	Mission	9
88 TOWNSEND ST	2004	Financial District/South Beach	6
1555 Union St	1955	Marina	2
350 FRIEDELL ST	NA	Bayview Hunters Point	10
88 Broadway	NA	Financial District/South Beach	3
5235 DIAMOND HEIGHTS BLVD	1972	Noe Valley	8
2 GARCES DR	1942	Lakeshore	7
350 RHODE ISLAND - NORTH	2002	Mission Bay	10
333 Harrison ST	NA	Financial District/South Beach	6
1960 FOLSOM ST	1937	Mission	9
558 SACRAMENTO ST	1907	Chinatown	3
1200 FILLMORE ST	1973	Western Addition	5
2443 FILLMORE ST	1924	Pacific Heights	2
259 POST ST	1909	Financial District/South Beach	3
4435 3RD ST	2003	Bayview Hunters Point	10
433 TURK ST	1907	Tenderloin	5
3220 SACRAMENTO ST	1924	Presidio Heights	2
255 WOODSIDE AV	NA	Twin Peaks	7
274 BRANNAN ST	1923	Financial District/South Beach	6
300 3RD ST	1990	South of Market	6
755 Ocean Ave	1955	Oceanview/Merced/Ingleside	11
501 BUCKINGHAM WAY	1948	Lakeshore	4
60 2ND ST	1906	Financial District/South Beach	6
651 DARTMOUTH ST	1953	Portola	9
6 7TH ST	1909	South of Market	6
2233 POST ST	1961	Japantown	5
4545 GEARY BLVD	1941	Inner Richmond	1
1788 CLAY ST	2014	Russian Hill	3
474 OFARRELL ST	1913	Tenderloin	5
140 NEW MONTGOMERY ST	1925	Financial District/South Beach	6
1167-1199 SUTTER ST	1910	Nob Hill	3
50 BEALE ST	1967	Financial District/South Beach	6
180 HUBBELL ST	1900	Mission Bay	6
1510 Eddy St	NA	Western Addition	5
2550 IRVING ST	1966	Sunset/Parkside	4
735 MARKET ST	1907	Financial District/South Beach	6
230 TURK ST	2008	Tenderloin	5
2345 HARRISON ST	1924	Mission	9
233 SANSOME ST	1924	Financial District/South Beach	3
1940 BRYANT ST.	1923	Mission	9
843 STOCKTON ST	1908	Chinatown	3
630 3RD ST	1924	South of Market	6
1 BANNEKER WAY	1969	Hayes Valley	5
755 SANSOME ST	1927	Chinatown	3
175 BLUXOME ST	1998	Mission Bay	6
220 JACKSON ST	1911	Financial District/South Beach	3
2400 3RD ST	1937	Potrero Hill	10
505 HOWARD ST	2014	Financial District/South Beach	6
644 HYDE ST	1917	Tenderloin	3
1550 BRYANT ST	1915	Mission	9
1035 HOWARD ST	1930	South of Market	6
50 CALIFORNIA ST	1971	Financial District/South Beach	3
2500 18TH ST	1925	Mission	9
251 FRONT ST	1911	Financial District/South Beach	3
51 3RD ST	1970	Financial District/South Beach	6
2 CALIFORNIA ST	1908	Financial District/South Beach	3
2165 MISSION ST	1922	Mission	9
38 BRYANT ST	1994	Financial District/South Beach	6
1215 MARKET ST	1911	South of Market	6
278 POST ST	1910	Financial District/South Beach	3
228 POST ST	1909	Financial District/South Beach	3
900 GEARY ST	1909	Tenderloin	3
245 VALENCIA ST	1995	Mission	9
126 POST ST	1909	Financial District/South Beach	3
244 JACKSON ST	1913	Financial District/South Beach	3
256 SUTTER ST	1911	Financial District/South Beach	3
119 ELLIS ST	1907	Tenderloin	3
365 VERMONT ST	1984	Mission Bay	10
450 PACIFIC AVE	1906	North Beach	3
1601 19TH AVE	2002	Sunset/Parkside	4
875 LA PLAYA	1983	Outer Richmond	1
1 BURNETT AVE	1983	Twin Peaks	8
88 KING ST	2000	Mission Bay	6
2598 TAYLOR ST	1986	North Beach	3
77 NEW MONTGOMERY ST	1907	Financial District/South Beach	6
1150 LOMBARD ST	1989	Russian Hill	3
737 FOLSOM ST	1988	South of Market	6
800 INDIANA ST	2015	Potrero Hill	10
2186 GEARY BLVD	1984	Japantown	5
133 KEARNY ST	1910	Financial District/South Beach	3
150 OAK ST	1948	Hayes Valley	5
666 POST ST	NA	Nob Hill	3
10 29TH ST	2004	Bernal Heights	9
141 COLUMBUS AVE	1905	Chinatown	3
3075 17TH ST	1923	Mission	9
64 GOUGH ST	1911	Hayes Valley	6
1890 BROADWAY	1938	Pacific Heights	2
330 ELLIS ST	1930	Tenderloin	5
832 FOLSOM ST	1986	South of Market	6
45 POWELL ST	1909	Tenderloin	3
295 BAY ST	1968	North Beach	3
1223 Webster St	1996	Western Addition	5
530 5TH ST	1925	South of Market	6
10 MILLER PL	1963	Chinatown	3
8 OCTAVIA ST	2014	Hayes Valley	6
1050 17TH ST	2002	Mission Bay	10
601 MINNESOTA ST	1937	Potrero Hill	10
777 FLORIDA ST	1902	Mission	9
2000 MCKINNON AVE	1940	Bayview Hunters Point	10
240 7TH ST	1955	South of Market	6
550 MONTGOMERY ST	1931	Chinatown	3
701 3rd St	NA	Mission Bay	6
291 EDDY ST	1925	Tenderloin	5
2032 POLK ST	1907	Russian Hill	3
1407 9TH AVE	1914	Inner Sunset	7
945 FRONT ST	1955	Financial District/South Beach	3
300 DE HARO ST	1984	Mission Bay	10
711 VAN NESS AVE	1984	Western Addition	2
2200 MISSION ST	2009	Mission	9
1881 POST ST	1967	Japantown	5
601 ARBALLO DR	1942	Lakeshore	7
525 BRANNAN ST	1917	South of Market	6
16 JESSIE ST	1906	Financial District/South Beach	6
1050 NORTH POINT ST	1961	Russian Hill	2
2901 PACIFIC AVE	1907	Pacific Heights	2
1801 VAN NESS AVE	1920	Pacific Heights	2
555 MISSION ST	2008	Financial District/South Beach	6
17 GRANT AVE	1909	Financial District/South Beach	3
990 COLUMBUS AVE	1915	North Beach	3
900 7TH ST	1974	Mission Bay	6
146 GEARY ST	1907	Financial District/South Beach	3
4444 GEARY BLVD	1915	Inner Richmond	1
439 STEVENSON ST	1924	South of Market	6
THE EMBARCADERO #0003	1900	Financial District/South Beach	3
1800 PACIFIC AVE	1960	Pacific Heights	2
250 Howard St	NA	Financial District/South Beach	6
275 5TH ST	1965	South of Market	6
718 LONG BRIDGE ST	NA	Mission Bay	6
101 EDDY ST	1917	Tenderloin	5
45 PIER - SHED A	1900	North Beach	3
390 BAY SHORE BLVD	1937	Bernal Heights	9
182 2ND ST	1909	Financial District/South Beach	6
300 CLAY ST	1967	Financial District/South Beach	3
334 BRANNAN ST	1929	Financial District/South Beach	6
350 MISSION ST	1923	Financial District/South Beach	6
359 HYDE ST	1916	Tenderloin	5
55 GREEN ST	1984	Financial District/South Beach	3
156 2ND ST	1908	Financial District/South Beach	6
875 STEVENSON ST	1975	South of Market	6
1 POLK ST	2008	Tenderloin	6
728 PACIFIC AVE	1985	Chinatown	3
35 SOUTH PARK	1920	Financial District/South Beach	6
1663 MARKET ST	1921	Mission	6
25 MASON	1911	Tenderloin	5
151 Alice B Toklas Pl	1920	Tenderloin	5
1650 PACIFIC AVENUE	1922	Russian Hill	3
101 HENRY ADAMS ST	1906	Mission Bay	6
2 LAKE STREET	1926	Inner Richmond	1
1000 MASON ST	1926	Nob Hill	3
1333 GOUGH ST	1966	Japantown	2
125 3RD ST	2005	Financial District/South Beach	6
1700 POST ST	1971	Japantown	5
500 POST ST	1987	Nob Hill	3
1101 FAIRFAX AVE	NA	Bayview Hunters Point	10
535 PACIFIC AVE	1907	Chinatown	3
681 ELLIS ST	1927	Tenderloin	5
1415 BANCROFT AVE	1957	Bayview Hunters Point	10
535 SUTTER ST	1921	Nob Hill	3
500 BEACH ST	1974	North Beach	3
799 VAN NESS AVE	1917	Western Addition	2
1530 LOMBARD ST	1977	Marina	2
145 9TH ST	1924	South of Market	6
135 4TH ST	0	Financial District/South Beach	6
1300 FILLMORE ST	2007	Western Addition	5
1818 HARRISON ST	1924	Mission	9
898 PENNSYLVANIA AVE	1979	Potrero Hill	10
300 ALEMANY BLVD	1958	Bernal Heights	9
350 PARNASSUS AVE	1968	Inner Sunset	8
1950 GOUGH ST	1926	Pacific Heights	2
333 BRYANT ST	1920	Financial District/South Beach	6
685 MARKET ST	1906	Financial District/South Beach	6
1825 POST ST	1967	Japantown	5
102 CARDENAS AVE	1942	Lakeshore	7
1180 HOWARD ST	2003	South of Market	6
1089 MARKET ST	1920	South of Market	6
1360 MISSION ST	0	South of Market	6
1828 MARKET ST	2014	Hayes Valley	8
425 BUSH ST	1908	Financial District/South Beach	3
250 STOCKTON ST	1908	Financial District/South Beach	3
1401 MISSION ST	2016	South of Market	6
2707 PINE ST	1969	Pacific Heights	2
2031 IRVING ST	1950	Sunset/Parkside	4
376 BRANNAN ST	1908	Financial District/South Beach	6
1188 FRANKLIN ST	1973	Western Addition	2
600 Fillmore St	1906	Hayes Valley	5
120 KEARNY	1982	Financial District/South Beach	3
625 MONTEREY BLVD	1942	West of Twin Peaks	7
553 VALENCIA ST	1907	Mission	9
2741 16TH ST	1942	Mission	9
540 9TH ST	1945	South of Market	6
998 INDIANA ST	1960	Potrero Hill	10
863 BUSH ST	1911	Nob Hill	3
440 VALENCIA ST	1994	Mission	9
250 Broadway	1920	Financial District/South Beach	3
245 MARKET STREET	1929	Financial District/South Beach	6
1625 EDDY ST	1969	Western Addition	5
1896 PACIFIC AVE	1924	Pacific Heights	2
2090 EVANS ST.	1956	Bayview Hunters Point	10
1 BRADY ST	2022	Mission	6
1530 BUCHANAN ST	1935	Western Addition	5
1701 JACKSON ST	2001	Pacific Heights	2
136-138 KING ST	2017	Mission Bay	6
2600 MISSION ST	1920	Mission	9
435 BRANNAN ST	1910	South of Market	6
635 PINE ST	1924	Financial District/South Beach	3
660 3RD ST	1902	South of Market	6
701 POST ST	1910	Tenderloin	3
450 HARRISON ST	1949	Financial District/South Beach	6
1 MARKET ST	1917	Financial District/South Beach	6
57 POST ST	1909	Financial District/South Beach	3
310 TOWNSEND ST	2006	South of Market	6
825 MARKET ST	1908	South of Market	6
300 Gaven St	1960	Portola	9
890 BUSH ST	1919	Nob Hill	3
2200 SACRAMENTO ST	1964	Pacific Heights	2
342 Columbus Ave	1908	North Beach	3
845 MARKET ST	2006	South of Market	6
650 HARRISON ST	1940	Financial District/South Beach	6
235 MONTGOMERY ST	1927	Financial District/South Beach	3
3600 GEARY BLVD	1923	Presidio Heights	2
53 BLUXOME ST	1917	South of Market	6
150 GREEN ST	1919	Financial District/South Beach	3
125 MASON ST	NA	Tenderloin	5
352 OCEAN AVE	1921	Outer Mission	11
505 SANSOME ST	1981	Chinatown	3
2000 BROADWAY	1974	Pacific Heights	2
640 TEXAS ST	2006	Potrero Hill	10
25 14TH ST	1924	Mission	9
1278 INDIANA ST	2004	Potrero Hill	10
1095 MARKET ST	1905	South of Market	6
1301 POST ST	1993	Western Addition	2
645 HOWARD ST	2010	Financial District/South Beach	6
5815 3RD ST	1925	Bayview Hunters Point	10
658 MISSION ST	1906	Financial District/South Beach	6
1300 BRYANT ST	1962	Mission	6
2395 Golden Gate Ave	1921	Lone Mountain/USF	1
101 CRESCENT WAY	2001	Bayview Hunters Point	10
825 HOWARD ST	1971	South of Market	6
620 4TH ST	1907	South of Market	6
445 HAMPSHIRE ST	1924	Mission	9
1409 SUTTER ST	1881	Western Addition	2
256 FRONT ST	2000	Financial District/South Beach	3
2000 VAN NESS AVE	1909	Russian Hill	3
501 1ST ST	1990	Financial District/South Beach	6
5 EMBARCADERO CENTER	1972	Financial District/South Beach	3
181 Sanchez St	2017	Castro/Upper Market	8
425 BRANNAN ST	1924	South of Market	6
1870 JACKSON ST	1930	Pacific Heights	2
184 Hooper St	2008	Mission Bay	6
1070 GREEN ST	1961	Russian Hill	3
900 Front St	1973	Financial District/South Beach	3
100 HARRISON ST	1942	Financial District/South Beach	6
730 POLK ST	1922	Tenderloin	5
1095 Hyde	1961	Nob Hill	3
507 POLK ST	1910	Tenderloin	5
1315 EGBERT AVE	1985	Bayview Hunters Point	10
3250 VAN NESS AVE	0	Russian Hill	2
1501 SUTTER ST	1920	Japantown	5
201 ALABAMA ST	0	Mission	9
417 31ST AVE	1922	Outer Richmond	1
1683 GALVEZ AVE	1993	Bayview Hunters Point	10
470 COLUMBUS AVE	1936	North Beach	3
415 OFARRELL ST	1908	Tenderloin	5
201 FILBERT ST	1984	North Beach	3
1090 EDDY ST	1929	Western Addition	2
901 CALIFORNIA ST	1971	Nob Hill	3
50 PIER SHED C	1900	Mission Bay	6
415 MISSION ST	2018	Financial District/South Beach	6
139 TOWNSEND ST	1909	Mission Bay	6
1400 16TH ST	1938	Mission Bay	6
1675 HOWARD ST	1905	Mission	6
633 HOWARD ST	1910	Financial District/South Beach	6
3840 18TH ST	NA	Castro/Upper Market	8
700 TOLAND ST.	1968	Bayview Hunters Point	10
1369 HYDE ST	1911	Russian Hill	3
2 HENRY ADAMS ST	1915	Mission Bay	6
2550 VAN NESS AVE	1959	Russian Hill	3
3101 3RD ST	1985	Bayview Hunters Point	10
1600 TENNESSEE ST	1965	Bayview Hunters Point	10
199 NEW MONTGOMERY ST	2004	Financial District/South Beach	6
2130 POST ST	1969	Japantown	5
101 HARRISON ST	1996	Financial District/South Beach	6
240 KEARNY ST	1906	Financial District/South Beach	3
601 GRANT AVE	1907	Chinatown	3
270 5TH ST	2012	South of Market	6
1100 OAK ST	1983	Hayes Valley	5
847 SANSOME ST	1983	North Beach	3
2900 ALEMANY BLVD	1961	Outer Mission	11
1800 SUTTER ST	1975	Pacific Heights	5
2 EMBARCADERO CENTER	1974	Financial District/South Beach	3
388 Market Street	1987	Financial District/South Beach	3
639 GEARY ST	NA	Tenderloin	5
149 9TH ST	1923	South of Market	6
212 STOCKTON ST	1987	Financial District/South Beach	3
1073 MARKET ST	1913	South of Market	6
343 SANSOME ST	1991	Financial District/South Beach	3
281 Masonic Ave	1911	Lone Mountain/USF	1
130 BUSH ST	1910	Financial District/South Beach	3
1083 MARKET ST	1912	South of Market	6
1878 HAIGHT ST.	1961	Haight Ashbury	5
1219 HARRISON ST	2004	South of Market	6
255 BERRY ST	2004	Mission Bay	6
201 6TH ST	1907	South of Market	6
848 Kearny St	2005	Chinatown	3
442 POST ST	1925	Nob Hill	3
410 BUSH ST	1915	Financial District/South Beach	3
2850 ALEMANY BLVD	0	Outer Mission	11
340 STOCKTON ST	1984	Financial District/South Beach	3
10 GEARY ST	1907	Financial District/South Beach	3
1355 FAIRFAX AVE	1987	Bayview Hunters Point	10
132 GEARY ST	1908	Financial District/South Beach	3
790 ELLIS ST	0	Tenderloin	5
550 3RD ST	1921	South of Market	6
4840 MISSION ST	1925	Outer Mission	11
750 BATTERY ST	1986	Financial District/South Beach	3
3050 23RD ST	1964	Mission	9
139 LAKE MERCED BLVD	1975	Lakeshore	7
455 MARKET ST	1900	Financial District/South Beach	6
1585 FOLSOM ST	1926	Mission	6
8 MISSION ST	2004	Financial District/South Beach	3
1745 FOLSOM ST	1942	Mission	9
301 KING ST	2006	Mission Bay	6
2051 3rd Street	2017	Potrero Hill	10
205 2ND ST	1906	Financial District/South Beach	6
325 CHINA BASIN ST	2008	Mission Bay	6
1500 OWENS ST	2009	Mission Bay	6
1333 Bush St	NA	Nob Hill	3
530 BUSH ST	1982	Financial District/South Beach	3
900 KEARNY ST	1989	Chinatown	3
529 COMMERCIAL ST	0	Chinatown	3
400 FONT BLVD	1942	Lakeshore	7
5880 3rd Street	NA	Bayview Hunters Point	10
750 MARKET ST	1908	Financial District/South Beach	3
1230 MARKET ST	1907	Tenderloin	6
670 Natoma St	2002	South of Market	6
2120 Polk St	1928	Russian Hill	3
455 9TH ST	1924	South of Market	6
1751 CARROLL AVE	NA	Bayview Hunters Point	10
255 King St	NA	Mission Bay	6
1595 VAN NESS AVE	1913	Western Addition	2
345 CALIFORNIA ST	1987	Financial District/South Beach	3
690 POTRERO AVE	1932	Mission	9
350 BRANNAN ST	1929	Financial District/South Beach	6
888 O'FARRELL ST	1988	Tenderloin	5
1340 LOMBARD ST	1927	Russian Hill	3
666 VALENCIA ST	NA	Mission	9
660 CALIFORNIA ST	1966	Chinatown	3
1300 COLUMBUS AVE	1970	North Beach	3
1160 BATTERY ST	1982	Financial District/South Beach	3
1200 MISSISSIPPI ST	1986	Bayview Hunters Point	10
2600 16TH ST	2001	Mission	9
525 HARRISON ST	1982	Financial District/South Beach	6
706 MISSION ST	1906	Financial District/South Beach	6
501 POST STREET	1970	Tenderloin	3
925 STOCKTON ST	1907	Chinatown	3
141 TAYLOR ST	2005	Tenderloin	5
645 STOCKTON ST	1928	Nob Hill	3
490 2ND ST	1924	Financial District/South Beach	6
737 BEACH ST	1948	Russian Hill	2
386 GEARY ST	1909	Tenderloin	3
801 HOWARD ST	1970	South of Market	6
2835 GEARY BLVD	1981	Lone Mountain/USF	2
536 MISSION ST	0	Financial District/South Beach	6
145 NATOMA ST	1971	Financial District/South Beach	6
1101 4TH ST	NA	Mission Bay	6
2300 SUTTER ST	1965	Pacific Heights	2
180 TOWNSEND ST	1900	Financial District/South Beach	6
99 BATTERY ST	1908	Financial District/South Beach	3
17 BLUXOME ST	0	South of Market	6
5290 DIAMOND HEIGHTS BLVD	1964	Glen Park	8
168 BLUXOME ST	2009	Mission Bay	6
1444 MARKET ST	1913	Tenderloin	6
420 SUTTER ST	1909	Financial District/South Beach	3
1234 INDIANA ST	1969	Potrero Hill	10
705 NATOMA ST	1994	South of Market	6
1591 JACKSON ST	1986	Russian Hill	3
215 FREMONT ST	1928	Financial District/South Beach	6
155 HAYES ST	1959	Tenderloin	6
346 1ST ST	1996	Financial District/South Beach	6
170 KING ST	2007	Mission Bay	6
43 COLUMBIA SQUARE ST	0	South of Market	6
120 MONTGOMERY ST	1955	Financial District/South Beach	3
3000 16TH ST	1910	Mission	9
201 POST ST	1909	Financial District/South Beach	3
2 FALLON PL	1980	Nob Hill	3
60 SPEAR ST	1967	Financial District/South Beach	6
347 DOLORES ST	1907	Mission	8
150 EXECUTIVE PARK BLVD	1982	Bayview Hunters Point	10
1000 16TH ST	1919	Mission Bay	6
5 COMMER CT	1976	Bayview Hunters Point	10
1425 SANSOME ST	1982	Financial District/South Beach	3
1472 FILBERT ST	1927	Russian Hill	3
2075 SUTTER ST	1992	Japantown	5
114 SANSOME ST	1908	Financial District/South Beach	3
233 POST ST	1908	Financial District/South Beach	3
475 BRANNAN ST	1908	South of Market	6
850 POWELL ST	1978	Chinatown	3
1528 PINE ST	1922	Nob Hill	3
1015 VAN NESS AVE	2004	Western Addition	2
2027 MISSION ST	1981	Mission	9
1239 TURK ST	2016	Western Addition	5
141 INDUSTRIAL ST	1960	Bayview Hunters Point	10
151 3RD ST	2015	Financial District/South Beach	6
327 GRANT AVE	NA	Financial District/South Beach	3
285 WINSTON DR	1988	Lakeshore	7
44 MCALLISTER ST	1923	Tenderloin	5
650 5TH ST	1924	Mission Bay	6
116 NATOMA ST	1910	Financial District/South Beach	6
1668 PINE ST	2016	Western Addition	2
766 HARRISON ST	2008	South of Market	6
351 TURK ST	1928	Tenderloin	5
680 Indiana St	2017	Potrero Hill	10
2095 CALIFORNIA ST	1975	Pacific Heights	5
1301 SANSOME ST	1907	North Beach	3
238 KING ST	2004	Mission Bay	6
1275 FAIRFAX AVE	1986	Bayview Hunters Point	10
1880 PINE ST	1900	Pacific Heights	2
491 POST ST	1913	Tenderloin	3
1750 CESAR CHAVEZ	1986	Bayview Hunters Point	10
1050 SANSOME ST	1906	Financial District/South Beach	3
350 RHODE ISLAND ST - SOUTH	2002	Mission Bay	10
1101 GREEN ST	1930	Russian Hill	3
3001 TARAVAL ST	1946	Sunset/Parkside	4
19 CLEMENTINA ST	2005	Financial District/South Beach	6
222 Taylor St	2019	Tenderloin	5
1880 JACKSON ST	1930	Pacific Heights	2
1063 CAPITOL AVE	1985	Oceanview/Merced/Ingleside	11
364 BUSH ST	1907	Financial District/South Beach	3
780 FULTON ST	1971	Western Addition	5
500 WISCONSIN ST	1978	Potrero Hill	10
1875 MARIN ST	2003	Bayview Hunters Point	10
930 PINE ST	1973	Nob Hill	3
200 BRANNAN ST	2004	Financial District/South Beach	6
255 CALIFORNIA ST	1958	Financial District/South Beach	3
4 EMBARCADERO CENTER	1979	Financial District/South Beach	3
77 DOW PL	2002	Financial District/South Beach	6
2100 GREEN ST	NA	Marina	2
710 LA PLAYA	1984	Outer Richmond	1
55 FRANCISCO ST	0	North Beach	3
3700 GEARY BLVD	1900	Inner Richmond	1
351 KING ST	2006	Mission Bay	6
255 Broadway St	2015	Financial District/South Beach	3
1334 STOCKTON ST	1907	Chinatown	3
19 STOCKTON ST	1910	Financial District/South Beach	3
1025 MARKET ST.	0	South of Market	6
1750 MCALLISTER ST	1974	Western Addition	5
1049 GOLDEN GATE AVE	1973	Western Addition	5
149 BLUXOME ST	1916	Mission Bay	6
420 MAIN ST	1991	Financial District/South Beach	6
260 TOWNSEND ST	1986	South of Market	6
401 ANZA ST	NA	Lone Mountain/USF	1
1028 Market Street	2022	Tenderloin	5
520 DAVIS ST	1981	Financial District/South Beach	3
535 MISSION ST	2014	Financial District/South Beach	6
455 FRANKLIN ST	1983	Hayes Valley	5
1019 CLEMENT ST	1919	Inner Richmond	1
1700 CALIFORNIA ST	1988	Pacific Heights	2
835 HOWARD ST	1907	South of Market	6
942 MISSION ST	1929	South of Market	6
200 BERRY ST	2009	Mission Bay	6
44 GOUGH ST	1906	Mission	6
1770 POST ST	2005	Japantown	5
1135 McAllister St	1971	Western Addition	5
100 CALIFORNIA ST	1959	Financial District/South Beach	3
500 TERRY FRANCOIS BLVD	2008	Mission Bay	6
982 MARKET ST	0	Tenderloin	5
3905 SACRAMENTO ST	1960	Presidio Heights	2
1200 VAN NESS AVE	1911	Nob Hill	3
533 SUTTER ST	1921	Nob Hill	3
2055 FOLSOM ST	1980	Mission	9
425 NORTH POINT ST	1990	North Beach	3
55 CHUMASERO DR	1949	Lakeshore	7
2700 3RD ST	1970	Potrero Hill	10
601 EDDY ST	1956	Tenderloin	5
323 PACIFIC AVE	1907	Chinatown	3
1600 DONNER AVE	1962	Bayview Hunters Point	10
101 WILLIAMS AVE	1946	Bayview Hunters Point	10
3140 MISSION ST	1929	Bernal Heights	9
22 Fourth Street	NA	South of Market	6
40 JESSIE ST	1913	Financial District/South Beach	6
649 GREEN ST	1907	Chinatown	3
965 SUTTER ST	NA	Nob Hill	3
301 CRESCENT CT	2007	Bayview Hunters Point	10
4041 GEARY BLVD	1947	Inner Richmond	1
299 SECOND STREET	1900	Financial District/South Beach	6
195 ERIE ST	1953	Mission	9
111 TOWNSEND ST	1911	Mission Bay	6
405 HOWARD ST	2003	Financial District/South Beach	6
655 BEACH ST	1973	Russian Hill	3
325 BROADWAY	1921	North Beach	3
574 PACIFIC AVE	1907	North Beach	3
501 CRESCENT CT	2006	Bayview Hunters Point	10
1990 OCEAN AVE	1930	West of Twin Peaks	7
2 CONNECTICUT ST	1922	Mission Bay	10
490 GEARY ST	1912	Tenderloin	3
695 MINNESOTA ST	1948	Potrero Hill	10
640 SUTTER ST	1916	Nob Hill	3
2295 BUSH ST	NA	Pacific Heights	5
2225 FOLSOM ST	1946	Mission	9
1350 17th St	1979	Mission Bay	10
1355 FRANKLIN ST	1905	Western Addition	2
860 EDDY ST	1959	Western Addition	2
234 FRONT ST	1927	Financial District/South Beach	3
2030 HARRISON ST	1907	Mission	9
311 CALIFORNIA ST	1910	Financial District/South Beach	3
874 HARRISON ST	1922	South of Market	6
5050 MISSION ST	2017	Outer Mission	11
2001 CALIFORNIA ST	1930	Pacific Heights	5
797 BUSH ST	1912	Nob Hill	3
48 GOLDEN GATE AVE	1911	Tenderloin	5
959 MISSION ST	1906	South of Market	6
2351 Clay St	1972	Pacific Heights	2
550 KEARNY ST	1975	Financial District/South Beach	3
2100 PACIFIC AVE	NA	Pacific Heights	2
510 TOWNSEND ST	2017	South of Market	6
55 UNION ST	1900	Financial District/South Beach	3
300 MASON ST	1908	Tenderloin	3
233 FRANKLIN ST	2010	Hayes Valley	5
1161 MISSION ST	1924	South of Market	6
1621 MARKET ST	2021	Mission	6
530 HOWARD ST	1908	Financial District/South Beach	6
1650 JACKSON ST	1991	Russian Hill	3
80 Pier - Service Building	0	Bayview Hunters Point	10
250 BRANNAN ST	1907	Financial District/South Beach	6
1900 VAN NESS AVE	1919	Russian Hill	3
2055 BRYANT ST	0	Mission	9
860 BUSH ST	1913	Nob Hill	3
141 2ND ST	1907	Financial District/South Beach	6
407 SANCHEZ ST	1900	Castro/Upper Market	8
3355 SACRAMENTO ST	1900	Presidio Heights	2
151 UNION ST	1914	Financial District/South Beach	3
548 4TH ST	1919	South of Market	6
5655 MISSION ST	1939	Excelsior	11
801 MONTGOMERY ST	1987	Chinatown	3
2040 SUTTER ST	1984	Pacific Heights	5
560 BARNEVELD AVE	1955	Bayview Hunters Point	10
363 CLEMENTINA ST	1957	South of Market	6
595 Buckingham Way	1948	Lakeshore	4
65 10TH ST	NA	South of Market	6
680 CALIFORNIA ST	1906	Chinatown	3
375 ALABAMA ST	1926	Mission	9
28 2ND ST	1914	Financial District/South Beach	6
1450 LOMBARD ST	1968	Marina	2
3159 16TH ST	1912	Mission	9
55 2ND ST	2002	Financial District/South Beach	6
301 ELLIS ST	2000	Tenderloin	5
350 ELLIS ST	1970	Tenderloin	5
500 3RD ST STE. 505	1927	South of Market	6
360 BAY ST	1968	North Beach	3
100 APPLETON AVE	1940	Bernal Heights	9
340 PINE ST	1928	Financial District/South Beach	3
201 CALIFORNIA ST	1980	Financial District/South Beach	3
678 GREEN ST	1912	Chinatown	3
353 KING ST	2009	Mission Bay	6
600 BATTERY ST	1927	Financial District/South Beach	3
131 STEUART ST	1907	Financial District/South Beach	6
1750 GENEVA AVE	1996	Excelsior	11
153 TOWNSEND ST	2002	Mission Bay	6
25 POINT LOBOS AVE	1996	Outer Richmond	1
425 First St	2008	Financial District/South Beach	6
1881 PINE ST	1937	Pacific Heights	5
408 COLUMBUS AVE	1924	North Beach	3
225 Berry Street	2005	Mission Bay	6
50 RIZAL ST	1979	South of Market	6
555 CALIFORNIA ST	1969	Financial District/South Beach	3
1080 CHESTNUT ST	1962	Russian Hill	2
301 EXECUTIVE PARK BLVD	2010	Bayview Hunters Point	10
2203 3RD ST	1919	Potrero Hill	10
500 2ND ST	1919	Financial District/South Beach	6
700 EDDY ST	1965	Tenderloin	5
243 Rey St	2000	Visitacion Valley	10
400 LAGUNA ST	2015	Hayes Valley	5
1 GRANT AVE	1910	Financial District/South Beach	3
608 FOLSOM ST	1922	Financial District/South Beach	6
720 MARKET ST	1990	Financial District/South Beach	3
123-131 10th St.	1929	South of Market	6
661 BROADWAY	1963	Chinatown	3
601 BROADWAY	1913	Chinatown	3
51 GRANT AVE	1909	Financial District/South Beach	3
33 NEW MONTGOMERY ST	1986	Financial District/South Beach	6
546 BROADWAY	1907	North Beach	3
39 TAYLOR ST	1906	Tenderloin	5
2090 PACIFIC AVE	1928	Pacific Heights	2
1126 HOWARD ST	1930	South of Market	6
110 Sutter Street	1906	Financial District/South Beach	3
2727 MARIPOSA ST.	1923	Mission	9
1570 SUTTER ST	1900	Pacific Heights	2
1828 GENEVA AVE	2007	Excelsior	11
353 SACRAMENTO ST	1982	Financial District/South Beach	3
1061 MARKET ST	1910	South of Market	6
417 MONTGOMERY ST	1936	Financial District/South Beach	3
565 SOUTH VAN NESS AVE	1955	Mission	9
2700 45TH AVE	1974	Sunset/Parkside	4
150 HAYES ST	1968	Tenderloin	6
225 POST ST	1909	Financial District/South Beach	3
1500 HOWARD ST	1930	Mission	6
1 ARKANSAS ST	1922	Mission Bay	10
550 TERRY FRANCOIS STREET	2002	Mission Bay	6
625 SUTTER ST	1921	Nob Hill	3
840 POWELL ST	1914	Chinatown	3
425 BATTERY ST	0	Chinatown	3
350 TREAT AVE	1944	Mission	9
624 VALLEJO ST	1900	North Beach	3
1137 FOLSOM ST	1984	South of Market	6
114 POWELL ST	1908	Financial District/South Beach	3
1111 17TH ST	1948	Potrero Hill	10
50 PIER	1900	Mission Bay	6
1375 MISSION ST	1929	South of Market	6
1445 LA SALLE AVE	1978	Bayview Hunters Point	10
200 BUSH ST	1912	Financial District/South Beach	3
2141 Chestnut St	1928	Marina	2
640 2ND ST	1925	Financial District/South Beach	6
1135 STEINER ST	1977	Western Addition	5
500 Folsom St	2019	Financial District/South Beach	6
345 STOCKTON ST	1972	Financial District/South Beach	3
1045 SANSOME ST	1926	North Beach	3
366-370 TURK ST	1923	Tenderloin	5
2140 WEBSTER ST	1987	Pacific Heights	2
770 GOLDEN GATE AVE	1973	Western Addition	2
22 TERRA VISTA AVE	1955	Lone Mountain/USF	2
2180 HARRISON ST	1989	Mission	9
531 BRYANT ST	1918	South of Market	6
23 Pier	1900	Financial District/South Beach	3
645 BRYANT ST	1954	South of Market	6
544 2ND ST	1923	Financial District/South Beach	6
633 FOLSOM ST	1967	Financial District/South Beach	6
1430 VAN NESS	1912	Nob Hill	3
740 BUCHANAN ST	1975	Hayes Valley	5
2850 VAN NESS AVE	1955	Russian Hill	3
185 BERRY ST	1920	Mission Bay	6
1 CRESCENT WAY	2001	Bayview Hunters Point	10
2550 MISSION ST	1907	Mission	9
501 DONAHUE ST	NA	Bayview Hunters Point	10
44 PAGE ST	1912	Hayes Valley	6
1663 MISSION ST	1925	Mission	6
1340 HUDSON AVE	1900	Bayview Hunters Point	10
580 GEARY ST	1913	Tenderloin	3
2001 VAN NESS AVE	1920	Pacific Heights	2
901 BATTERY ST	1923	Financial District/South Beach	3
750 FLORIDA ST	1923	Mission	9
1182 MARKET ST	1925	Tenderloin	5
3175 18TH ST	1947	Mission	9
2480 MISSION ST	1973	Mission	9
185 6TH ST	1907	South of Market	6
1355 Golden Gate Ave	1974	Western Addition	5
1699 MARKET ST	1954	Mission	6
1645 PACIFIC AVE	2014	Russian Hill	3
90 Kiska Rd	NA	Bayview Hunters Point	10
612 ALABAMA ST	1914	Mission	9
1240 MARKET ST	1908	Tenderloin	6
1330 16TH ST	NA	Mission Bay	6
657 COMMERCIAL ST	1907	Chinatown	3
200 6TH ST	1909	South of Market	6
1190 MISSION ST	NA	South of Market	6
303 2ND ST	1988	Financial District/South Beach	6
1023 03RD ST	2023	Mission Bay	6
2790 MISSION ST	1917	Mission	9
1201 EVANS AVE	1986	Bayview Hunters Point	10
216 PINE ST	1907	Financial District/South Beach	3
2000 WASHINGTON ST	NA	Pacific Heights	2
37 Grove St	1924	Tenderloin	6
280 Beale St	2015	Financial District/South Beach	6
640 SACRAMENTO ST	1907	Chinatown	3
1540 MARKET ST	1920	Hayes Valley	6
840 BATTERY ST	1931	Financial District/South Beach	3
3950 19TH AVE	1953	Oceanview/Merced/Ingleside	11
1925 GOUGH ST	NA	Pacific Heights	2
1310 JONES ST	1955	Nob Hill	3
1701 VAN NESS AVE	1917	Pacific Heights	2
400 NORTH POINT ST	1958	North Beach	3
498 Castro St	1900	Castro/Upper Market	8
1491 Sunnydale Ave	NA	Visitacion Valley	10
1900 UNION ST	1970	Marina	2
980 HOWARD ST	1998	South of Market	6
132 HAWTHORNE ST	1948	Financial District/South Beach	6
128 KING ST	1913	Mission Bay	6
80 CAROLINA ST	1984	Mission Bay	6
1189 POTRERO AVE	1997	Mission	10
745 Clement St	2002	Inner Richmond	1
1661 MISSION ST	1935	Mission	6
1900 NORIEGA ST	1975	Sunset/Parkside	4
43 LANSING ST	1961	Financial District/South Beach	6
101 TOWNSEND ST	1913	Mission Bay	6
400 MONTGOMERY ST	1901	Financial District/South Beach	3
77 BATTERY ST	1907	Financial District/South Beach	3
104 9TH ST	1926	South of Market	6
825 HOWARD ST	2007	South of Market	6
1101 GREENWICH ST	1911	Russian Hill	3
200 CALIFORNIA ST	1988	Financial District/South Beach	3
960 HOWARD ST	1920	South of Market	6
200 W Portal Ave	1931	West of Twin Peaks	7
870 MARKET ST	1907	Financial District/South Beach	3
555 FLORIDA ST	1923	Mission	9
710 SANSOME ST	1907	Chinatown	3
3 EMBARCADERO CENTER	1976	Financial District/South Beach	3
95 Laguna Street	NA	Hayes Valley	8
55 NATOMA ST	1908	Financial District/South Beach	6
1717 HARRISON ST	0	Mission	6
648 PACIFIC AVE	1911	Chinatown	3
1400 VAN NESS AVE	1913	Nob Hill	3
1001 PINE ST	1963	Nob Hill	3
895 PACIFIC AVE	1950	Chinatown	3
2398 PACIFIC AVE	1927	Pacific Heights	2
88 1ST ST	1907	Financial District/South Beach	6
552 BRANNAN ST	1923	South of Market	6
2500 16th St.	1925	Mission	9
135 MAIN ST	0	Financial District/South Beach	6
601 OFARRELL ST	1928	Tenderloin	5
222 SUTTER ST	1908	Financial District/South Beach	3
1475 MISSION ST	1975	South of Market	6
100 VAN NESS AVE	2015	Tenderloin	6
101 MARKET ST	1982	Financial District/South Beach	6
50 FREMONT ST	1985	Financial District/South Beach	6
3490 CALIFORNIA ST	2000	Presidio Heights	2
325 BATTERY ST	1989	Chinatown	3
521 JESSIE ST	NA	South of Market	6
220 CASHMERE ST	NA	Bayview Hunters Point	10
450 SUTTER ST	1929	Financial District/South Beach	3
66 TURK ST	1907	Tenderloin	5
587 Eddy Street	1925	Tenderloin	5
77 FEDERAL ST	2020	Financial District/South Beach	6
495 GEARY ST	1913	Tenderloin	3
1591 PACIFIC AVE	2013	Russian Hill	3
5545 3RD ST	1999	Bayview Hunters Point	10
321 11TH ST	1907	South of Market	6
77 STILLMAN ST	1944	Financial District/South Beach	6
1511 15TH ST	2014	Mission	9
875 HOWARD ST	1920	South of Market	6
8 LOCKSLEY AVE	1961	Inner Sunset	7
690 5TH ST	1983	Mission Bay	6
220 SAN BRUNO AVE	1961	Mission	6
1050 BATTERY ST	1907	Financial District/South Beach	3
1212 MARKET ST	1907	Tenderloin	6
336-344 Mason Street	1968	Tenderloin	3
1 GARCES DR	NA	Lakeshore	7
717 BATTERY ST	1907	Financial District/South Beach	3
1320 GOLDEN GATE AVE	1941	Western Addition	5
730 HARRISON ST	1988	South of Market	6
2450 17TH ST	1913	Mission	9
30 Otis Street	2021	Mission	6
150 FRANCISCO ST	1983	North Beach	3
231 GRANT AVE	1907	Financial District/South Beach	3
391 SUTTER ST	1908	Financial District/South Beach	3
150 VAN NESS AVE	1925	Tenderloin	6
405 TAYLOR ST	1924	Tenderloin	5
375 NEWHALL ST	1988	Bayview Hunters Point	10
415 GEARY ST	1909	Tenderloin	3
1817 EDDY ST	1991	Western Addition	5
121 STEUART ST	1984	Financial District/South Beach	6
1000 BRANNAN ST	1924	South of Market	6
1890 CLAY ST	1962	Pacific Heights	2
620 FOLSOM ST	1922	Financial District/South Beach	6
5830 3RD ST	2010	Bayview Hunters Point	10
4800 MISSION ST	1952	Outer Mission	11
2 TOWNSEND ST	1989	Financial District/South Beach	6
1475 LOMBARD ST	1971	Marina	2
1200 BUCHANAN ST	2001	Western Addition	5
1730 VAN NESS AVE	1919	Nob Hill	3
1000 NORTH POINT ST	1963	Russian Hill	2
2235 HAYES ST	1966	Lone Mountain/USF	5
2150 CESAR CHAVEZ ST	1942	Bayview Hunters Point	10
500 RAYMOND AVE	2002	McLaren Park	10
711 EDDY ST	1979	Tenderloin	5
2050-2070 FOLSOM ST	2021	Mission	9
325 MASON	1955	Tenderloin	3
1776 SACRAMENTO ST	1920	Nob Hill	3
3101 19TH ST	1913	Mission	9
302 ELLIS ST	1930	Tenderloin	5
475 6TH ST	1927	South of Market	6
441 MASON ST	NA	Tenderloin	3
1035 MARKET ST	1912	South of Market	6
1750 HARRISON ST.	1996	Mission	9
2552 TAYLOR ST	1986	North Beach	3
1100 POLK ST	1917	Nob Hill	3
2000 FOLSOM ST	0	Mission	9
2015 STEINER ST	1907	Pacific Heights	2
999 BRANNAN ST	1986	South of Market	6
255 7TH ST	NA	South of Market	6
2350 NORIEGA ST	1986	Sunset/Parkside	4
403 MAIN ST	NA	Financial District/South Beach	6
231 SANSOME ST	1925	Financial District/South Beach	3
921 FRONT ST	1900	Financial District/South Beach	3
217 SANSOME ST	1908	Financial District/South Beach	3
444 BATTERY ST	1967	Financial District/South Beach	3
1001 VAN NESS AVE	2020	Western Addition	2
660 MARKET ST	1924	Financial District/South Beach	3
1601 22ND AVE	1939	Sunset/Parkside	4
250 BEACH ST	1963	North Beach	3
836 BRANNAN ST	2001	South of Market	6
1072 MARKET ST	1911	Tenderloin	5
1049 MARKET ST	1907	South of Market	6
350-360 9TH ST	1920	South of Market	6
1067 MARKET ST	1924	South of Market	6
948 MARKET ST	1907	Tenderloin	3
2599 LOMBARD ST	1957	Marina	2
541 8TH ST	1937	South of Market	6
1701 MONTGOMERY ST	1906	North Beach	3
651 BRANNAN ST	1911	Mission Bay	6
340 FREMONT ST	2016	Financial District/South Beach	6
49 GEARY STREET	1912	Financial District/South Beach	3
607 FRONT ST	1906	Financial District/South Beach	3
2451 SACRAMENTO ST	1900	Pacific Heights	2
2574 SAN BRUNO AVE	2010	Portola	9
121 7TH ST	1961	South of Market	6
890 HAYES ST	1900	Hayes Valley	5
2345 Golden Gate Ave	NA	Lone Mountain/USF	1
1111 8TH ST	0	Mission Bay	6
290 7TH ST	1926	South of Market	6
1060-1066 Market St,  San Francisco, CA 94102	2020	Tenderloin	5
1901 LOMBARD ST	1984	Marina	2
350 8TH ST	2017	South of Market	6
525 MARKET ST	1973	Financial District/South Beach	6
1390 SILVER AVE	1964	Portola	9
555 BEACH ST	1951	North Beach	3
50 GREEN ST	1907	Financial District/South Beach	3
1455 FILLMORE ST	1993	Western Addition	5
1750 ALAMEDA ST	1948	Mission Bay	6
1145 MARKET ST	1990	South of Market	6
1100 CESAR CHAVEZ ST	1949	Bayview Hunters Point	10
398 11TH ST	1916	Mission	6
2460 MISSION ST	1968	Mission	9
6333 GEARY BLVD	1957	Outer Richmond	1
1700 Egbert Ave	1997	Bayview Hunters Point	10
2238 GEARY BLVD	1999	Japantown	2
390 4TH ST	1924	South of Market	6
2130 FULTON ST	1921	Lone Mountain/USF	1
121 GOLDEN GATE AVE	2014	Tenderloin	5
352 BRIGHTON AVE	2012	West of Twin Peaks	7
2055 SACRAMENTO ST	1975	Pacific Heights	2
1520 TAYLOR ST	1976	Nob Hill	3
828 FRANKLIN ST	1983	Western Addition	2
2 BRYANT ST	1937	Financial District/South Beach	6
1580 VALENCIA ST	2018	Bernal Heights	9
445 BUSH ST	1905	Financial District/South Beach	3
One Post Street	1969	Financial District/South Beach	3
2750 19TH ST	1907	Mission	9
355 BRYANT ST	1917	Financial District/South Beach	6
1745 CALIFORNIA ST	1900	Western Addition	2
2445 Golden Gate Ave	1921	Lone Mountain/USF	1
609 SUTTER ST	1927	Nob Hill	3
505 Brannan Street	NA	South of Market	6
3201 CALIFORNIA ST	2000	Presidio Heights	2
401 ALABAMA ST	1925	Mission	9
1363 DIVISADERO ST	1926	Western Addition	5
865 MARKET ST	1908	South of Market	6
2340 CLAY ST	1920	Pacific Heights	2
95 HAYES ST	1967	Tenderloin	6
800 PRESIDIO AVE	1952	Presidio Heights	5
1501 LOMBARD ST	1954	Marina	2
420 TAYLOR ST	1942	Tenderloin	3
940 BATTERY ST	1917	Financial District/South Beach	3
315 MONTGOMERY ST	1921	Financial District/South Beach	3
805 LEAVENWORTH ST	1924	Nob Hill	3
680 2ND ST	1913	Financial District/South Beach	6
3535 BALBOA ST	1947	Outer Richmond	1
410 JESSIE ST	1926	South of Market	6
3711 19th Ave	NA	Lakeshore	7
1285 SUTTER ST	2013	Nob Hill	3
901 SACRAMENTO ST	1982	Chinatown	3
300 MONTGOMERY ST	1918	Financial District/South Beach	3
854 FOLSOM ST	1926	South of Market	6
199 Fremont St	0	Financial District/South Beach	6
323 GEARY ST	1908	Tenderloin	3
451 Kansas Street	2007	Potrero Hill	10
1000 VAN NESS AVE	1920	Tenderloin	5
2499 OCEAN AVE	1977	West of Twin Peaks	7
125 GARDENSIDE DR	1982	Twin Peaks	8
101 CARGO WAY	1981	Bayview Hunters Point	10
3450 3RD ST #2 A	1987	Bayview Hunters Point	10
1040 COLUMBUS AVE	1950	North Beach	3
4699 3RD ST	1956	Bayview Hunters Point	10
1250 TENNESSEE ST	1965	Potrero Hill	10
48 STOCKTON ST	1909	Financial District/South Beach	3
2323 Sacramento St	1965	Pacific Heights	2
690 FOLSOM ST	1926	Financial District/South Beach	6
1028 HOWARD ST	1994	South of Market	6
400 VIDAL DR	1942	Lakeshore	7
1469 PACIFIC AVE	1921	Russian Hill	3
624 TAYLOR ST	1934	Nob Hill	3
650 CHESTNUT ST	1995	North Beach	3
466 GEARY ST	1922	Tenderloin	3
899 PINE ST	1961	Nob Hill	3
4767 MISSION ST	1935	Excelsior	11
606 HOWARD ST	1904	Financial District/South Beach	6
495 JEFFERSON ST	1907	Russian Hill	3
5644 GEARY BLVD	1931	Outer Richmond	1
1833 FILLMORE ST	1916	Pacific Heights	5
1695 MISSION ST	1951	Mission	6
1401 HOWARD ST	1902	South of Market	6
1699 VAN NESS AVE	1919	Pacific Heights	2
1263 MISSION ST	1924	South of Market	6
1395 EVANS AVE	1941	Bayview Hunters Point	10
20 CALIFORNIA ST	1908	Financial District/South Beach	3
1600 JACKSON ST	1908	Russian Hill	3
625 TOWNSEND ST	2002	Mission Bay	6
499 JACKSON ST	1965	Chinatown	3
355 BUENA VISTA AVE	1986	Castro/Upper Market	8
1142 VAN NESS AVE	1909	Tenderloin	3
748 MISSION ST	1900	Financial District/South Beach	6
180 MONTGOMERY ST	1978	Financial District/South Beach	3
122 15TH ST	1947	Mission Bay	6
1233 VAN NESS AVE	1913	Western Addition	2
188 EMBARCADERO	1986	Financial District/South Beach	6
641 FREDERICK ST	1990	Inner Sunset	8
986 POLK ST	2008	Tenderloin	5
691 MARKET ST	1909	Financial District/South Beach	6
345 WILLIAMS AVE	1964	Bayview Hunters Point	10
1595 SLOAT BLVD	1993	Sunset/Parkside	4
1998 MARKET ST	NA	Hayes Valley	8
20 HERON ST	1931	South of Market	6
451 DONAHUE ST	NA	Bayview Hunters Point	10
1483 SUTTER ST	1993	Western Addition	2
1001 CALIFORNIA ST	1914	Nob Hill	3
301 BRYANT ST	1998	Financial District/South Beach	6
644 BROADWAY	1985	Chinatown	3
501 JOHN MUIR DR	1973	Lakeshore	7
2587 Marin Street	1986	Bayview Hunters Point	10
750 POST ST	1914	Nob Hill	3
1015 GEARY ST	1925	Tenderloin	5
135 POST ST	1908	Financial District/South Beach	3
522 2ND ST	1923	Financial District/South Beach	6
625 3RD ST	1909	Financial District/South Beach	6
1990 GREEN ST	1926	Marina	2
642 JONES ST	1911	Tenderloin	3
160 FOLSOM ST	1951	Financial District/South Beach	6
1727 FILLMORE ST	1974	Japantown	5
444 MARKET ST	1981	Financial District/South Beach	3
1065 COLUMBUS AVE	1976	Russian Hill	3
950 FRANKLIN	1931	Western Addition	2
450 GEARY ST	1922	Tenderloin	3
4 CAMBON DR	1942	Lakeshore	7
THE EMBARCADERO #0015	1900	Financial District/South Beach	3
1100 MARKET ST	1909	Tenderloin	5
500 COLUMBUS AVE	1907	North Beach	3
641 OFARRELL ST	1907	Tenderloin	5
399 FREMONT ST	2016	Financial District/South Beach	6
550 15TH ST	1906	Mission	6
562 SUTTER ST	1907	Nob Hill	3
2775 VAN NESS AVE	1972	Marina	2
750 KEARNY ST	1970	Chinatown	3
1258 Minnesota St	2014	Potrero Hill	10
20 FRANKLIN ST	1917	Hayes Valley	6
1438 GREEN ST	1998	Russian Hill	3
1160 MISSION ST	2008	South of Market	6
455 EDDY ST	1964	Tenderloin	5
2001 BRYANT ST	1943	Mission	9
4610 MISSION ST	1963	Outer Mission	11
580 YORK ST	1918	Mission	9
1390 Mission St	NA	South of Market	6
1445 BUSH ST	1915	Nob Hill	3
300 BERRY ST	2009	Mission Bay	6
55 5TH ST	1913	South of Market	6
101 2ND ST	2000	Financial District/South Beach	6
96A Pier	1941	Bayview Hunters Point	10
383 RHODE ISLAND ST	1924	Mission Bay	10
500 TURK ST	2022	Tenderloin	5
351 9TH ST	1929	South of Market	6
38 TEHAMA ST	0	Financial District/South Beach	6
400 2ND ST	1917	Financial District/South Beach	6
234 STOCKTON ST	1908	Financial District/South Beach	3
74 OTIS ST	1916	Mission	6
380 10TH ST	2004	South of Market	6
2111 HYDE ST	1923	Russian Hill	3
1320 VAN NESS AVE	1909	Nob Hill	3
330 TOWNSEND ST	1985	South of Market	6
3490 SACRAMENTO ST	1977	Presidio Heights	2
5550 BARTLETT ST	NA	Mission	9
108 Catalina St	NA	Bayview Hunters Point	10
40 GOLD ST	1910	Chinatown	3
1150 SACRAMENTO ST	1989	Nob Hill	3
309 FONT BLVD	1942	Lakeshore	7
3146 MISSION ST	1949	Bernal Heights	9
34 MASON ST	1907	Tenderloin	3
2576 LOMBARD ST	1940	Marina	2
1425 FOLSOM ST	1936	South of Market	6
101 THE EMBARCADERO	0	Financial District/South Beach	3
2020 MARKET ST	1954	Castro/Upper Market	8
100 BATTERY ST	1956	Financial District/South Beach	3
390 1st St	1969	Financial District/South Beach	6
205 Franklin Street	2013	Hayes Valley	5
120 STOCKTON ST	1974	Financial District/South Beach	3
6221 GEARY BLVD	1969	Outer Richmond	1
320 ALABAMA ST	2002	Mission	9
899 HOWARD ST	1920	South of Market	6
240 SHOTWELL ST	1938	Mission	9
700 VAN NESS	0	Tenderloin	5
1960 BROADWAY	NA	Pacific Heights	2
1600 STOCKTON ST	1927	North Beach	3
444 PRESIDIO AVE	1962	Presidio Heights	2
550 GEARY ST	1929	Tenderloin	3
3185 WASHINGTON ST	1921	Pacific Heights	2
700 7TH ST	1905	Mission Bay	6
1446 Market St	NA	Tenderloin	6
690 PENNSYLVANIA AVE	1999	Potrero Hill	10
1177 EDDY ST	1956	Western Addition	5
444 TOWNSEND ST	1923	Mission Bay	6
1 DANIEL BURNHAM CT	1987	Western Addition	2
2500 STEINER ST	NA	Pacific Heights	2
667 MISSION ST	1909	Financial District/South Beach	6
601 MARKET ST	1917	Financial District/South Beach	6
101 HOWARD ST	1968	Financial District/South Beach	6
227 BAY ST	1970	North Beach	3
2435 CALIFORNIA ST	1941	Pacific Heights	2
1301 MARKET ST	1937	South of Market	6
150 BERRY ST	2003	Mission Bay	6
3160 21ST ST	1969	Mission	9
726 SUTTER ST	0	Nob Hill	3
840 POST ST	NA	Nob Hill	3
1075 California St	1924	Nob Hill	3
1940 BROADWAY	NA	Pacific Heights	2
950 HARRISON ST	2000	South of Market	6
511 HARRISON ST	1930	Financial District/South Beach	6
850 MONTGOMERY ST	1970	Chinatown	3
2601 MISSION ST	1962	Mission	9
1550 Mission St	2020	Mission	6
188 SPEAR ST.	1973	Financial District/South Beach	6
1590 BROADWAY	1909	Russian Hill	3
1620 MONTGOMERY ST	1907	Financial District/South Beach	3
642 HARRISON ST	1925	Financial District/South Beach	6
2 HARBOR RD	1900	Bayview Hunters Point	10
901 MARKET ST	1912	South of Market	6
544 GOLDEN GATE AVE	1911	Tenderloin	5
617 MISSION ST	1908	Financial District/South Beach	6
361 BRANNAN ST	1928	Financial District/South Beach	6
1515 SLOAT BLVD	1992	Sunset/Parkside	4
1700 OWENS ST	2007	Mission Bay	6
645 HARRISON ST	1948	Financial District/South Beach	6
944 FOLSOM ST	1936	South of Market	6
1330 JONES ST	1954	Nob Hill	3
1111 MARKET ST	1920	South of Market	6
2125 BRYANT ST	2009	Mission	9
839 LEAVENWORTH ST	1911	Nob Hill	3
539 BRYANT ST	1912	South of Market	6
685 7TH ST	1946	South of Market	6
25 KEARNY ST	1909	Financial District/South Beach	3
351 BUENA VISTA AVE	1987	Castro/Upper Market	8
650 2ND ST	1996	Financial District/South Beach	6
25 CYRIL MAGNIN ST	1973	Tenderloin	3
945 GREEN ST	1928	Nob Hill	3
170 SOUTH VAN NESS AVE	1936	Mission	6
955 INDIANA ST	1961	Potrero Hill	10
1250 Sunnydale Ave	2000	Visitacion Valley	10
2675 FOLSOM ST	1952	Mission	9
351 CALIFORNIA ST	1920	Financial District/South Beach	3
464 CALIFORNIA ST	1959	Financial District/South Beach	3
3003 3RD ST	1940	Bayview Hunters Point	10
725 GREENWICH ST	1985	North Beach	3
1885 MISSION ST	1925	Mission	9
2500 MASON ST	1974	North Beach	3
420 MISSION BAY BLVD	2012	Mission Bay	6
222 STANYAN ST	1929	Lone Mountain/USF	1
155 STEUART ST	1906	Financial District/South Beach	6
1200 IRVING ST	1959	Inner Sunset	7
50 OSGOOD PL	1986	North Beach	3
2601 MARIPOSA ST	1989	Mission	9
1155 INDIANA ST	1965	Potrero Hill	10
1563 PAGE ST	2020	Haight Ashbury	5
45 PIER - SHED B	1900	North Beach	3
705 SANSOME ST	1906	Chinatown	3
1075 FRONT ST	1906	Financial District/South Beach	3
166 GEARY ST	1907	Financial District/South Beach	3
260 CALIFORNIA ST	1910	Financial District/South Beach	3
70 Pier #12	1941	Potrero Hill	10
777 TENNESSEE ST	1957	Potrero Hill	10
340 POST ST	1923	Financial District/South Beach	3
575 SUTTER ST	1919	Nob Hill	3
690 LONG BRIDGE ST	NA	Mission Bay	6
181 Fremont St	2018	Financial District/South Beach	6
1628 CALIFORNIA ST	2007	Nob Hill	3
575 MARKET ST	1975	Financial District/South Beach	6
520 6TH ST	2001	South of Market	6
2130 HARRISON ST	2001	Mission	9
1090 CHESTNUT ST	1927	Russian Hill	2
225 HYDE ST	1928	Tenderloin	5
444 SPEAR ST	1939	Financial District/South Beach	6
155 Montgomery St	1921	Financial District/South Beach	3
4950 MISSION ST	1980	Outer Mission	11
474 VALENCIA ST.	1949	Mission	9
100 PINE ST	1971	Financial District/South Beach	3
1830 FILLMORE ST	1984	Pacific Heights	5
1000 GREEN ST	1950	Russian Hill	3
171 2ND ST	1912	Financial District/South Beach	6
1245 CALIFORNIA ST	1924	Nob Hill	3
1400 Folsom Street	1924	South of Market	6
868 FOLSOM ST	1935	South of Market	6
1255 Battery St	1981	Financial District/South Beach	3
200 CARDENAS AVE	1942	Lakeshore	7
1501 DIVISADERO ST	1938	Japantown	2
665 3RD ST	1916	Financial District/South Beach	6
144 LEAVENWORTH ST	1922	Tenderloin	5
2135 SUTTER ST	1906	Japantown	5
2949 18TH ST	2009	Mission	9
625 POLK ST	1912	Tenderloin	5
2401 INGALLS ST	1964	Bayview Hunters Point	10
476 GEARY ST	1911	Tenderloin	3
1590 Sutter St	NA	Pacific Heights	2
1201 CALIFORNIA ST	NA	Nob Hill	3
3800 GEARY BLVD	1921	Inner Richmond	1
2190 LOMBARD ST	1988	Marina	2
617 BATTERY ST	1906	Chinatown	3
2140 FOLSOM ST	1916	Mission	9
841 HOWARD ST	1923	South of Market	6
420 BRYANT ST	1922	Financial District/South Beach	6
600 CALIFORNIA ST	1991	Chinatown	3
583 HOWARD ST	1912	Financial District/South Beach	6
1234 DIVISADERO ST	1981	Western Addition	5
3180 22ND ST	1926	Mission	9
2006 WASHINGTON ST	NA	Pacific Heights	2
384 POST ST	1980	Financial District/South Beach	3
355 BRANNAN ST	1928	Financial District/South Beach	6
992 PERALTA AVE	1948	Bernal Heights	9
1412 VAN NESS AVE	1913	Nob Hill	3
851 VAN NESS AVE	2002	Western Addition	2
2700 GEARY BLVD	1923	Presidio Heights	2
133 GOLDEN GATE AVE	0	Tenderloin	5
55 4TH ST	1989	Financial District/South Beach	6
178 Townsend St	2012	Financial District/South Beach	6
241 6TH ST	1995	South of Market	6
490 POST ST.	1925	Nob Hill	3
850 VAN NESS AVE	1919	Tenderloin	5
550 SUTTER ST	1909	Nob Hill	3
2140 TAYLOR ST	1962	Russian Hill	3
1527 STOCKTON ST	1915	North Beach	3
535 JESSIE ST	1907	South of Market	6
2310 MASON ST	1968	North Beach	3
500 Pine Street	NA	Financial District/South Beach	3
1230 CLAY ST	1950	Nob Hill	3
1715 CORTLAND AVE	1937	Bernal Heights	9
799 MARKET ST	1968	Financial District/South Beach	6
540 MARKET ST	1913	Financial District/South Beach	3
1110 4TH ST	NA	Mission Bay	6
500 GONZALEZ DR	1942	Lakeshore	7
655-675 SOUTH VAN NESS AVE	1958	Mission	9
2169 FOLSOM ST	2001	Mission	9
720 CALIFORNIA ST	1926	Chinatown	3
1033 FILBERT ST	1922	Russian Hill	3
1 CLEMENT ST	1908	Inner Richmond	1
300 PAGE ST	1922	Hayes Valley	5
611 MISSION ST	1907	Financial District/South Beach	6
3450 3RD ST #2 B	1987	Bayview Hunters Point	10
560 SACRAMENTO ST	1909	Chinatown	3
140 South Van Ness Ave	2003	Mission	6
3330 GEARY BLVD	1922	Presidio Heights	2
474 NATOMA ST	2014	South of Market	6
1001 BRANNAN ST	1917	Mission	6
5140 Diamond Heights Blvd	1972	Noe Valley	8
210 GOLDEN GATE AVE	1909	Tenderloin	5
500 INDIANA ST	1999	Potrero Hill	10
845 BUSH ST	1915	Nob Hill	3
2020 VAN NESS AVE	1915	Russian Hill	3
201 SPEAR ST	1986	Financial District/South Beach	6
3575 GEARY BLVD	2011	Lone Mountain/USF	2
350 SANSOME ST	1952	Financial District/South Beach	3
2800 SLOAT BLVD	1955	Sunset/Parkside	4
120 2ND ST	1907	Financial District/South Beach	6
1241 EVANS AVE	1990	Bayview Hunters Point	10
680 FOLSOM ST	1964	Financial District/South Beach	6
18 LANSING ST	1928	Financial District/South Beach	6
385 8TH ST	1906	South of Market	6
317 CLEMENTINA ST	1984	South of Market	6
280 TOWNSEND ST	1947	South of Market	6
580 CALIFORNIA ST	1984	Financial District/South Beach	3
1001-1011 BRYANT ST	2010	South of Market	6
200 GREEN ST	1923	North Beach	3
3490 California Street	2000	Presidio Heights	2
98 BATTERY ST	1907	Financial District/South Beach	3
1270 GREAT HWY	1956	Sunset/Parkside	4
880 FRANKLIN ST	1980	Western Addition	2
1524 Polk St	1906	Nob Hill	3
1260 EGBERT AVE	1987	Bayview Hunters Point	10
701 BRYANT ST	1926	South of Market	6
2501 Cesar Chavez St	1925	Bayview Hunters Point	10
2929 19TH ST	1923	Mission	9
1405 INDIANA ST	1962	Bayview Hunters Point	10
3375 17th St	NA	Mission	9
2445 MARIPOSA ST	1983	Mission	9
2415 VAN NESS AVE	1926	Marina	2
730 TARAVAL ST	1900	West of Twin Peaks	7
220 BUSH ST	1930	Financial District/South Beach	3
888 BRANNAN ST	1920	South of Market	6
3001 19TH ST	1905	Mission	9
1737 POST STREET	1967	Japantown	5
66 POTRERO AVE	1956	Mission	9
2199 Fulton St	NA	Lone Mountain/USF	1
1200 FOLSOM ST	1925	South of Market	6
135 VALENCIA ST	1997	Mission	6
980 MISSION ST	1924	South of Market	6
56 12TH ST	1912	Mission	6
30 HOTALING PL	1933	Chinatown	3
451 JACKSON ST	1900	Chinatown	3
200 LOMBARD ST	1992	North Beach	3
2 MCLEA CT	2008	South of Market	6
210 POST STREET	1905	Financial District/South Beach	3
601 MONTGOMERY ST	1978	Chinatown	3
2211 PALOU AVE	1947	Bayview Hunters Point	10
1237 MINNESOTA ST	1929	Potrero Hill	10
699 8TH ST	1990	South of Market	6
222 FRONT ST	1988	Financial District/South Beach	3
100 BUSH ST	1929	Financial District/South Beach	3
555 DE HARO ST	1900	Potrero Hill	10
83 MCALLISTER ST	1907	Tenderloin	5
1020 VALLEJO ST	1984	Nob Hill	3
116 NEW MONTGOMERY ST	1901	Financial District/South Beach	6
20 HAIGHT ST	1959	Hayes Valley	6
701 MINNESOTA ST	1900	Potrero Hill	10
595 SUTTER ST	1919	Nob Hill	3
1135 ELLIS ST	1968	Western Addition	2
2770 LOMBARD ST	1926	Marina	2
1801 23RD AVE	1958	Sunset/Parkside	4
135 POWELL ST	1909	Tenderloin	3
191 SUTTER ST	1911	Financial District/South Beach	3
675 ARTHUR AVE	1987	Bayview Hunters Point	10
101 BROADWAY	1909	Financial District/South Beach	3
2765 16TH ST	1929	Mission	9
1 Henry Adams	2017	Mission Bay	6
299 Valencia St	2012	Mission	9
1155 Bryant St	1919	South of Market	6
250 EXECUTIVE PARK BLVD	1986	Bayview Hunters Point	10
1098 Harrison St	1924	South of Market	6
301 MENDELL ST	1979	Bayview Hunters Point	10
34 TURK ST	1909	Tenderloin	5
425 MARKET ST	1973	Financial District/South Beach	6
4350 GEARY BLVD	1937	Inner Richmond	1
221 MAIN ST	1973	Financial District/South Beach	6
175 TURK ST	1925	Tenderloin	5
351 GEARY ST	1907	Tenderloin	3
3132 CLEMENT ST	2002	Outer Richmond	1
117 POST ST	1906	Financial District/South Beach	3
501 2ND ST	1985	Financial District/South Beach	6
930 MONTGOMERY ST	1927	North Beach	3
1750 TAYLOR ST	1964	Nob Hill	3
54 4TH ST	1914	South of Market	6
1800 Owens St	2018	Potrero Hill	6
1215 ELLIS ST	1971	Western Addition	2
2801 VICENTE ST	1959	Sunset/Parkside	4
2790 GREEN ST	1923	Marina	2
570 MARKET ST	1922	Financial District/South Beach	3
340 TOWNSEND ST	1987	South of Market	6
522 CARTER ST	2004	Excelsior	11
200 RHODE ISLAND ST	1912	Mission Bay	6
230 8TH ST	1906	South of Market	6
500 WASHINGTON ST	1983	Chinatown	3
590 BAY ST	1974	North Beach	3
1200 GOUGH ST	1966	Western Addition	2
369 PINE ST	1918	Financial District/South Beach	3
1167 MISSION ST	1917	South of Market	6
300 South Van Ness Ave	2015	Mission	9
950 FILLMORE ST	1971	Western Addition	5
1199 BUSH ST	1991	Nob Hill	3
49 STEVENSON ST	1989	Financial District/South Beach	6
225 POWELL ST	1908	Tenderloin	3
691 China Basin St	2021	Mission Bay	6
39 NEW MONTGOMERY ST	1912	Financial District/South Beach	6
350 MASONIC AV	2021	Lone Mountain/USF	2
434 Minna St	2021	South of Market	6
29 OAKWOOD ST	2008	Mission	8
1177 HARRISON ST	1919	South of Market	6
55 HAWTHORNE ST	1970	Financial District/South Beach	6
21 COLUMBIA SQUARE ST	1994	South of Market	6
2034 FILLMORE ST	1900	Pacific Heights	2
185 POST ST	1907	Financial District/South Beach	3
3550 CESAR CHAVEZ ST	1956	Mission	8
1 ACEVEDO AVE	1942	Lakeshore	7
15 BEATRICE LN	1978	Bayview Hunters Point	10
1 HARRISON ST	1918	Financial District/South Beach	6
601 4TH ST	1916	South of Market	6
440 MISSION ST	1920	Financial District/South Beach	6
150 POWELL ST	1995	Financial District/South Beach	3
748 Van Ness Ave	2008	Tenderloin	5
1755 FILBERT ST	1982	Marina	2
1 BEACH ST	1971	North Beach	3
301 8TH ST	1914	South of Market	6
1466 POWELL ST	1908	Chinatown	3
2375 Golden Gate Ave	1921	Lone Mountain/USF	1
12 4TH ST	1999	South of Market	6
1332 VAN NESS AVE	1912	Nob Hill	3
50 LANSING ST	2006	Financial District/South Beach	6
1550 BAY ST	1969	Marina	2
620 JONES ST	1929	Tenderloin	3
301 HOWARD ST	1987	Financial District/South Beach	6
222 SANSOME ST	1987	Financial District/South Beach	3
939 ELLIS ST	1961	Western Addition	2
85 5TH ST	1923	South of Market	6
135 GOLDEN GATE AVE	1906	Tenderloin	5
455 MISSION BAY BLVD SOUTH	2009	Mission Bay	6
460 BRYANT ST	1907	Financial District/South Beach	6
560 9TH ST	1925	South of Market	6
500 LEAVENWORTH ST	1921	Tenderloin	5
582 MARKET ST	1922	Financial District/South Beach	3
190 10th Street	1924	South of Market	6
1040 GRANT AVE	1959	Chinatown	3
165 OFARRELL ST	1908	Financial District/South Beach	3
102 BUCARELI DR	1942	Lakeshore	7
269 POTRERO AVE	1924	Mission	6
2744 HYDE ST	1956	Russian Hill	3
1500 CUSTER AVE	1960	Bayview Hunters Point	10
123 LOOMIS ST	1953	Bayview Hunters Point	10
33 8TH ST	NA	South of Market	6
475 SANSOME ST	1900	Chinatown	3
525 4TH ST	1924	South of Market	6
365 FULTON ST	NA	Hayes Valley	5
82 1ST ST	1908	Financial District/South Beach	6
121 CAPP ST	1946	Mission	9
25 DIVISION ST	1950	Mission Bay	6
1 LOMBARD ST	1904	Financial District/South Beach	3
2301 MISSION ST	1911	Mission	9
1001 SADDLEBACK DR	1989	Excelsior	11
951 MISSION ST	1916	South of Market	6
440 POST ST	1910	Nob Hill	3
380 ALABAMA ST	2005	Mission	9
550 North Point St	2001	North Beach	3
115 WISCONSIN ST	1916	Mission Bay	10
2225 3RD ST	2013	Potrero Hill	10
72 Townsend St	NA	Financial District/South Beach	6
3360 GEARY BLVD	1969	Presidio Heights	2
2 Folsom St	2000	Financial District/South Beach	6
325 BERRY ST	2007	Mission Bay	6
1001 FRANKLIN ST	1965	Western Addition	2
20 OFARRELL ST	1909	Financial District/South Beach	3
2801 LEAVENWORTH ST	1907	Russian Hill	3
690 MARKET ST	2007	Financial District/South Beach	3
2600 SLOAT BLVD	1990	Sunset/Parkside	4
259 7TH ST	1900	South of Market	6
680 8TH ST	1960	South of Market	6
790 MARKET ST	1907	Financial District/South Beach	3
821 FOLSOM ST	2004	South of Market	6
2398 JERROLD AVE	1983	Bayview Hunters Point	10
1247 HARRISON ST	2004	South of Market	6
480 POTRERO AVE	1924	Mission	9
501 3RD ST	1920	Financial District/South Beach	6
10 Lombard Street	1914	Financial District/South Beach	3
501 FOLSOM ST	1916	Financial District/South Beach	6
1355 SANSOME ST	1982	North Beach	3
71 2ND ST	1898	Financial District/South Beach	6
900 MARIN ST	1953	Bayview Hunters Point	10
871 TURK ST	2008	Western Addition	2
333 TAYLOR ST	1999	Tenderloin	5
36 2ND ST	1907	Financial District/South Beach	6
1388 SUTTER ST	1986	Western Addition	2
200 PORTOLA DR	1996	Twin Peaks	8
515 FOLSOM ST	1918	Financial District/South Beach	6
240 2ND ST	1957	Financial District/South Beach	6
6600 3RD ST	NA	Bayview Hunters Point	10
2650 18TH ST	1931	Mission	9
4096 17TH ST	1965	Castro/Upper Market	8
1 LAWRENCE AVE	1993	Outer Mission	11
2919 MISSION ST	1907	Mission	9
555 Minnesota St	1947	Potrero Hill	10
1250 VAN DYKE AVE	0	Bayview Hunters Point	10
235 2ND ST	2001	Financial District/South Beach	6
350 UNION ST	1965	North Beach	3
2401 17TH ST	1909	Mission	9
1050 VAN NESS AVE	1909	Tenderloin	5
1200 CALIFORNIA ST	NA	Nob Hill	3
2215 REVERE AVE	1953	Bayview Hunters Point	10
369 18TH AVE	1923	Outer Richmond	1
2664 MISSION ST	1900	Mission	9
301 BUCHANAN ST	1999	Hayes Valley	5
1819 EGBERT AVE	1983	Bayview Hunters Point	10
945 VAN NESS AVE	1937	Western Addition	2
333 BATTERY ST	1989	Chinatown	3
3100 WEBSTER ST	1956	Marina	2
290 SUTTER ST	1908	Financial District/South Beach	3
222 Second Street	2016	Financial District/South Beach	6
1415 VAN NESS AVE	1900	Western Addition	2
555 MONTGOMERY ST	1985	Chinatown	3
50 8TH ST	1969	South of Market	6
2155 POWELL ST	1907	North Beach	3
501 FONT BLVD	1942	Lakeshore	7
200 SANSOME ST	1927	Financial District/South Beach	3
1455 MARKET STREET	1979	South of Market	6
175 GOLDEN GATE AVE	1899	Tenderloin	5
201 EDDY ST	1914	Tenderloin	5
424 TOWNSEND ST	1936	Mission Bay	6
28 GEARY ST	1908	Financial District/South Beach	3
1970 INNES AVE	1965	Bayview Hunters Point	10
2190 WASHINGTON ST	1961	Pacific Heights	2
620 POST ST	1910	Nob Hill	3
1359 PINE ST	1969	Nob Hill	3
350 CALIFORNIA	1976	Financial District/South Beach	3
855 LA PLAYA	1982	Outer Richmond	1
471 PINE ST	1911	Financial District/South Beach	3
950 STOCKTON ST	1970	Chinatown	3
135 MISSISSIPPI ST	1984	Potrero Hill	10
170 OTIS ST	NA	Mission	6
1343 STOCKTON ST	1912	Chinatown	3
449 POWELL ST	1913	Nob Hill	3
1000 CHESTNUT ST	1955	Russian Hill	2
3 DIAZ AVE	1942	Lakeshore	7
235 BERRY ST	2007	Mission Bay	6
429 Beale St	1951	Financial District/South Beach	6
655 BROTHERHOOD WAY	1980	Lakeshore	7
110 THE EMBARCADERO	1984	Financial District/South Beach	6
21 SOUTH PARK	1919	Financial District/South Beach	6
829 FOLSOM ST	NA	South of Market	6
138 6TH ST	1907	South of Market	6
201 THIRD ST	1983	Financial District/South Beach	6
120 CAPP ST	1981	Mission	9
733 FRONT ST	2007	Financial District/South Beach	3
810 MISSION ST	1925	South of Market	6
2343 FILLMORE STREET	1924	Pacific Heights	2
240 DOLORES ST	1968	Castro/Upper Market	8
465 CALIFORNIA ST	1903	Financial District/South Beach	3
1300 ILLINOIS ST	1957	Potrero Hill	10
600 STOCKTON ST	1908	Financial District/South Beach	3
3450 3RD ST #1 D	1987	Bayview Hunters Point	10
1554 VAN NESS AVE	1917	Nob Hill	3
201 MISSION ST	1981	Financial District/South Beach	6
1780 Bancroft Ave	2010	Bayview Hunters Point	10
574 3RD ST	1907	South of Market	6
2660 3RD ST	2017	Potrero Hill	10
12 SOUTH VAN NESS AVE	1927	Mission	6
380 CLEMENTINA ST	1972	South of Market	6
601 MISSION ST	1907	Financial District/South Beach	6
555 MARKET ST	1964	Financial District/South Beach	6
415 NATOMA ST	2022	South of Market	6
855 BATTERY ST	1907	Financial District/South Beach	3
300 NEWHALL STREET	1979	Bayview Hunters Point	10
787 BRANNAN ST	1900	South of Market	6
1201 FOLSOM ST	1928	South of Market	6
800 2ND ST	1900	Mission Bay	6
1170 MARKET ST	1983	Tenderloin	5
2690 MISSION ST	1953	Mission	9
973 MARKET ST	1908	South of Market	6
334 MASON ST	1912	Tenderloin	3
170 COLUMBUS AVE	1985	Chinatown	3
2500 MARIN ST	1959	Bayview Hunters Point	10
1453 MISSION ST	1913	South of Market	6
555 4TH ST	2006	South of Market	6
900 BUSH ST	1982	Nob Hill	3
1 ARDATH CT	1983	Bayview Hunters Point	10
301 ANZA ST	2002	Lone Mountain/USF	1
260 BAY ST	1968	North Beach	3
1278 MINNESOTA ST	2012	Potrero Hill	10
800 MARKET ST	1908	Financial District/South Beach	3
761 POST ST	1930	Tenderloin	3
1850 CESAR CHAVEZ ST	1989	Bayview Hunters Point	10
505 BEACH ST	1950	North Beach	3
570 TOWNSEND ST	1960	South of Market	6
175 DE HARO ST	1946	Mission Bay	6
855 SACRAMENTO ST	1925	Chinatown	3
610 GEARY ST	1907	Tenderloin	3
1251 Turk St	NA	Western Addition	5
910 HARRISON ST	1927	South of Market	6
491 BAYSHORE BLVD	2010	Bayview Hunters Point	10
1 SANSOME ST	1983	Financial District/South Beach	3
929 MARKET ST	1907	South of Market	6
1150 UNION ST	1930	Russian Hill	3
3101 MISSION ST	2000	Bernal Heights	9
251 RHODE ISLAND ST	1925	Mission Bay	6
6222 GEARY BLVD	1965	Outer Richmond	1
1025 COLUMBUS AVE	1931	Russian Hill	3
901 BAY SHORE BLVD	2003	Bayview Hunters Point	10
1091 MISSION ST	1912	South of Market	6
245 11TH ST	1917	South of Market	6
220 NEWHALL ST	1979	Bayview Hunters Point	10
153 KEARNY ST	1909	Financial District/South Beach	3
1900 PACIFIC AVE	1970	Pacific Heights	2
60 RAUSCH ST	2002	South of Market	6
1 EMBARCADERO CENTER	1970	Financial District/South Beach	3
2 BUCARELI DR	1942	Lakeshore	7
900 BATTERY ST	1917	Financial District/South Beach	3
1355 VAN NESS AVE	1916	Western Addition	2
1790 YOSEMITE AVE	1946	Bayview Hunters Point	10
401 HARRISON ST	NA	Financial District/South Beach	6
670 4TH ST	2003	South of Market	6
1140 BUCHANAN ST	1972	Western Addition	5
1468 25TH ST	NA	Potrero Hill	10
2288 BROADWAY	NA	Pacific Heights	2
401 WASHINGTON ST	1983	Chinatown	3
166 GOLDEN GATE AVE	1908	Tenderloin	5
2133 STOCKTON ST	1964	North Beach	3
1750 FULTON ST	2001	Lone Mountain/USF	2
1975 POST ST	2001	Japantown	5
888 HOWARD ST	0	South of Market	6
1849 VAN NESS AVE	1920	Pacific Heights	2
2190 BROADWAY	1973	Pacific Heights	2
500 HOWARD ST	2003	Financial District/South Beach	6
2950 GEARY BLVD	1946	Presidio Heights	2
333 Pine Street	1917	Financial District/South Beach	3
1272 MARKET ST	1907	Tenderloin	6
670 VALENCIA ST	NA	Mission	9
45 KEARNY ST	1907	Financial District/South Beach	3
1100 UNION ST	1929	Russian Hill	3
250 4TH ST	1947	South of Market	6
240 BAY ST	1968	North Beach	3
220 9TH ST	1924	South of Market	6
250 MONTGOMERY ST	1986	Financial District/South Beach	3
1499 SUTTER ST	1907	Western Addition	2
80 ELMIRA ST	1954	Bayview Hunters Point	10
560 PACIFIC AVE	1910	North Beach	3
2530 18TH ST	1924	Mission	9
210 JONES ST	1926	Tenderloin	5
317 29TH ST	NA	Noe Valley	8
657 HOWARD ST	1922	Financial District/South Beach	6
599 SKYLINE BLVD	1920	Lakeshore	7
991 VALENCIA ST	1900	Mission	9
1173 HOWARD ST	1922	South of Market	6
547 SUTTER ST	1922	Nob Hill	3
447 BUSH ST	1914	Financial District/South Beach	3
2345 Golden Gate Ave	NA	Lone Mountain/USF	1
2790 19TH AVE	1979	West of Twin Peaks	7
1650 OCTAVIA ST	1962	Pacific Heights	2
1532 Harrison St	NA	Mission	6
924 SANSOME ST	1911	Financial District/South Beach	3
217 2ND ST	1912	Financial District/South Beach	6
445 Fillmore St	1925	Hayes Valley	5
2550 CESAR CHAVEZ ST	1956	Bayview Hunters Point	10
2526 MISSION ST	1926	Mission	9
631 FOLSOM ST	2009	Financial District/South Beach	6
407 SANSOME ST	1909	Chinatown	3
180-200 NAPOLEON ST	1948	Bayview Hunters Point	10
90 NEW MONTGOMERY ST	1988	Financial District/South Beach	6
1301 FOLSOM ST	1942	South of Market	6
35 CAMBON DR	1942	Lakeshore	7
5757 GEARY BLVD	1967	Outer Richmond	1
1240 MINNESOTA ST	1921	Potrero Hill	10
500 ARBALLO DR	1951	Lakeshore	7
165 POST ST	1908	Financial District/South Beach	3
1502 FILLMORE ST	1990	Western Addition	5
945 BRYANT ST	1964	South of Market	6
649 FRONT ST	1910	Financial District/South Beach	3
3180 18TH ST	1900	Mission	9
46 GEARY ST	1907	Financial District/South Beach	3
825 NEWHALL ST	1951	Bayview Hunters Point	10
500 MENDELL ST	1981	Bayview Hunters Point	10
625 MARKET ST	1907	Financial District/South Beach	6
121 2ND ST	1907	Financial District/South Beach	6
5 PEREGO TER	1962	Twin Peaks	8
109 LAKE MERCED BLVD	1975	Lakeshore	7
2301 CHESTNUT ST	1931	Marina	2
981 HOWARD ST	1927	South of Market	6
834 DIVISADERO ST	1916	Western Addition	5
1400 TENNESSEE ST	1983	Potrero Hill	10
425 WASHINGTON ST	1907	Chinatown	3
717 CALIFORNIA ST	1908	Financial District/South Beach	3
2200 PACIFIC AVE	1962	Pacific Heights	2
2495 Golden Gate Ave	NA	Lone Mountain/USF	1
635 PORTOLA DR	1942	West of Twin Peaks	7
3921 GEARY BLVD	1988	Inner Richmond	1
1405 MINNESOTA ST	1962	Bayview Hunters Point	10
77 MAIDEN LN	1920	Financial District/South Beach	3
299 Fremont St	2016	Financial District/South Beach	6
1338 MISSION ST	1923	South of Market	6
616 DIVISADERO ST	1926	Hayes Valley	5
555 NORTH POINT ST	1990	North Beach	3
2800 LEAVENWORTH ST	1978	North Beach	3
101 BUCARELI DR	1942	Lakeshore	7
230 JONES ST	1924	Tenderloin	5
44 MONTGOMERY ST	1966	Financial District/South Beach	3
4109 18TH ST	1918	Castro/Upper Market	8
1400 GEARY BLVD	1969	Japantown	2
333 MARKET ST	1981	Financial District/South Beach	6
260 OFARRELL ST	1965	Tenderloin	3
1625 VAN NESS AVE	1919	Pacific Heights	2
550 MINNA ST	2001	South of Market	6
222 MASON ST	1988	Tenderloin	5
410 TOWNSEND ST	1912	Mission Bay	6
1100 SACRAMENTO ST	1925	Nob Hill	3
325 OCTAVIA ST	NA	Hayes Valley	5
111 NEW MONTGOMERY ST	1907	Financial District/South Beach	6
50 3RD ST	1983	Financial District/South Beach	6
230 CALIFORNIA ST	1913	Financial District/South Beach	3
10 KING ST	NA	Mission Bay	6
2175 MARKET ST	2015	Castro/Upper Market	8
350 POST ST	1972	Financial District/South Beach	3
500 CALIFORNIA ST	1927	Financial District/South Beach	3
4355 GEARY BLVD	1989	Inner Richmond	1
1201 Ridge Ct	1990	Excelsior	11
150 SPEAR ST	1983	Financial District/South Beach	6
2225 JERROLD AVE	1982	Bayview Hunters Point	10
1301 EVANS AVE	1986	Bayview Hunters Point	10
275 BRANNAN ST	1906	Financial District/South Beach	6
666 ELLIS ST	1970	Tenderloin	5
1504 BRYANT ST	1900	Mission	9
1555 MARIPOSA ST	1939	Potrero Hill	10
512 2ND ST	1909	Financial District/South Beach	6
1550 SUTTER ST	1998	Pacific Heights	2
2400 14TH AVE	1928	West of Twin Peaks	7
312 SUTTER ST	1909	Financial District/South Beach	3
447 SUTTER ST	1916	Financial District/South Beach	3
1730 O'Farrell ST	NA	Western Addition	5
1133 POST ST	1917	Tenderloin	3
275 10TH ST	2009	South of Market	6
1001 POWELL ST	1906	Nob Hill	3
950 Mason St	1962	Nob Hill	3
58 FEDERAL ST	1912	Financial District/South Beach	6
1090 SANSOME ST	1908	Financial District/South Beach	3
53 COLUMBUS AVE	NA	Chinatown	3
301 PACIFIC AVE	1907	Chinatown	3
48 2ND ST	1907	Financial District/South Beach	6
701 Portola Dr	2013	West of Twin Peaks	7
822 PACIFIC AVE	NA	Chinatown	3
428 3RD ST	1917	South of Market	6
101 POST ST	1969	Financial District/South Beach	3
271 9TH ST	1917	South of Market	6
655 FOLSOM ST	1910	Financial District/South Beach	6
401 Terry A Francois Blvd	NA	Mission Bay	6
1007 TARAVAL ST	1931	Sunset/Parkside	4
1501 FILBERT ST	2014	Marina	2
1100 OCEAN AVE	NA	West of Twin Peaks	7
134 GOLDEN GATE AVE	1917	Tenderloin	5
378 18TH AVE	1929	Outer Richmond	1
1000 3RD ST	NA	Mission Bay	6
365 MAIN ST	0	Financial District/South Beach	6
1870 SACRAMENTO ST	1906	Pacific Heights	2
3225 26TH ST	1987	Mission	9
245 WINSTON DR	1952	Lakeshore	7
2300 California St	1962	Pacific Heights	2
100 1ST ST	1988	Financial District/South Beach	6
820 McAllister St	1974	Western Addition	5
244 CALIFORNIA ST	1908	Financial District/South Beach	3
3830 CALIFORNIA ST	1973	Presidio Heights	2
501 GEARY ST	1907	Tenderloin	5
345 ARBALLO DR	1942	Lakeshore	7
731 MARKET ST	1908	Financial District/South Beach	6
3251 20TH AVE	1988	Lakeshore	7
150 LOMBARD ST	1975	Financial District/South Beach	3
201 GOLDEN GATE AVE	1920	Tenderloin	5
222 KEARNY ST	1987	Financial District/South Beach	3
725 GRANT AVE	1907	Chinatown	3
755 MASON ST	1908	Nob Hill	3
35 PIER	1900	North Beach	3
1620 LAGUNA ST	1975	Japantown	5
735 BATTERY ST	1982	Financial District/South Beach	3
589 HOWARD ST	1907	Financial District/South Beach	6
1000 SUTTER ST	1908	Nob Hill	3
401 BAY ST	NA	North Beach	3
1817 CALIFORNIA ST	1960	Western Addition	2
191 EDDY ST	1910	Tenderloin	5
207 POWELL ST	1906	Tenderloin	3
660 BUSH ST	1910	Nob Hill	3
285 GEARY ST	1907	Financial District/South Beach	3
1624 EDDY ST	1900	Western Addition	5
80 Pier- M&R Bldg	0	Bayview Hunters Point	10
4201 18TH ST	1954	Castro/Upper Market	8
409 ILLINOIS ST	2008	Mission Bay	6
433 POWELL ST	1914	Nob Hill	3
560 MARKET ST	1907	Financial District/South Beach	3
1 De Haro St	NA	Mission Bay	6
40 Harbor Rd	NA	Bayview Hunters Point	10
88 KEARNY ST	1986	Financial District/South Beach	3
225 Fremont St	NA	Financial District/South Beach	6
170 Pacific Ave	1986	Financial District/South Beach	3
2940 16TH ST	1914	Mission	9
2500 ARELIOUS WALKER DR	NA	Bayview Hunters Point	10
717 MARKET ST	1908	Financial District/South Beach	6
75 HAWTHORNE ST	1987	Financial District/South Beach	6
835 MARKET STREET	0	South of Market	6
2225 MCKINNON AVE	1976	Bayview Hunters Point	10
370 TOWNSEND ST	1923	South of Market	6
1 JONES ST	1907	Tenderloin	5
302 EDDY ST	1983	Tenderloin	5
725 CESAR CHAVEZ ST	1962	Bayview Hunters Point	10
200-202 POTRERO AVE	1928	Mission	9
850 LA PLAYA	1971	Outer Richmond	1
555 HOWARD ST	1911	Financial District/South Beach	6
15 MARINA BLVD	1959	Marina	2
925 Toland St	1948	Bayview Hunters Point	10
300 BROADWAY	1921	North Beach	3
71 STEVENSON ST	1986	Financial District/South Beach	6
150 VALENCIA ST	1912	Mission	8
655 PACIFIC AVE	1950	Chinatown	3
144 EDDY ST	1907	Tenderloin	5
177 POST ST	1908	Financial District/South Beach	3
481 JESSIE ST	1907	South of Market	6
34 ELLIS ST	1907	Financial District/South Beach	3
8 10th st	NA	South of Market	6
1 Warriors Way	NA	Mission Bay	6
2151 VAN NESS AVE	1900	Pacific Heights	2
333 OFARRELL ST	0	Tenderloin	5
235 BAY SHORE BLVD	1927	Bayview Hunters Point	10
2200 JERROLD AVE	1987	Bayview Hunters Point	10
2175 HARRISON ST	1924	Mission	9
100 POTRERO AVE	1910	Mission	9
100 NORTH POINT ST	1969	North Beach	3
604 Mission St	1906	Financial District/South Beach	6
465 GRANT AVE	1922	Financial District/South Beach	3
1250 COLUMBUS AVE	1984	North Beach	3
5300 3RD STREET	2000	Bayview Hunters Point	10
606 FOLSOM ST	1900	Financial District/South Beach	6
560 BRANNAN ST	1929	South of Market	6
840 FOLSOM ST	1923	South of Market	6
394 PACIFIC AVE	1907	Financial District/South Beach	3
999 GREEN ST	1964	Nob Hill	3
1820 POST ST	1978	Japantown	5
1401 STOCKTON ST	1900	Chinatown	3
1 CHURCH ST	2002	Hayes Valley	8
375 BUSH ST	1908	Financial District/South Beach	3
500 SANSOME ST	1929	Chinatown	3
2000 OAKDALE AVE	1962	Bayview Hunters Point	10
450 POST ST	1924	Nob Hill	3
631 HOWARD ST	1929	Financial District/South Beach	6
2770 TAYLOR ST	1966	North Beach	3
20 BEATRICE LN	1978	Bayview Hunters Point	10
375 SUTTER ST	1907	Financial District/South Beach	3
445 GRANT AVE	1985	Financial District/South Beach	3
353 BAY SHORE BLVD	1994	Bayview Hunters Point	10
111 SUTTER ST	1926	Financial District/South Beach	3
2001 UNION ST	1970	Marina	2
2270 FOLSOM ST	1900	Mission	9
500 BATTERY ST	1965	Financial District/South Beach	3
2655 VAN NESS AVE	2008	Marina	2
55 STOCKTON ST	1989	Financial District/South Beach	3
1575 BURKE AVE	1981	Bayview Hunters Point	10
1240 EGBERT AVE	1987	Bayview Hunters Point	10
635 SUTTER ST	1911	Nob Hill	3
700 MONTGOMERY ST	1900	Chinatown	3
340 BRYANT ST	1932	Financial District/South Beach	6
801 BUSH ST	1916	Nob Hill	3
855 FOLSOM ST	2001	South of Market	6
3630 BALBOA ST	1925	Outer Richmond	1
200 Buchanan Street	2016	Hayes Valley	8
586 BUSH ST	1908	Financial District/South Beach	3
200 KANSAS ST	1983	Mission Bay	6
35 STANFORD ST	1927	Financial District/South Beach	6
540 POWELL ST	1909	Financial District/South Beach	3
553 PACIFIC AVE	1907	Chinatown	3
815 TENNESSEE ST	2017	Potrero Hill	10
1596 HOWARD ST	1926	Mission	6
909 HYDE ST	1926	Nob Hill	3
9 Berkeley Way	1968	Glen Park	8
855 HARRISON ST.	1955	South of Market	6
2040 FRANKLIN ST	1966	Pacific Heights	2
149 NEW MONTGOMERY ST	1907	Financial District/South Beach	6
501 BEALE ST	2006	Financial District/South Beach	6
800 CESAR CHAVEZ ST	1953	Bayview Hunters Point	10
445 GEARY ST	1922	Tenderloin	3
775 POST ST	1913	Tenderloin	3
1401 YOSEMITE AVE	1962	Bayview Hunters Point	10
1850 Kearny ST	1906	North Beach	3
2224 UNION ST	1904	Marina	2
1745 MARKET ST	1909	Mission	6
1701 FILLMORE ST	1985	Japantown	5
1245 SOUTH VAN NESS AVE	1959	Mission	9
1150 03RD ST	2020	Mission Bay	6
625 PINE ST	1950	Financial District/South Beach	3
2700 19TH ST	1908	Mission	9
603 BATTERY ST	1907	Chinatown	3
2750 VAN NESS AVE	1977	Russian Hill	3
77 GEARY ST	1929	Financial District/South Beach	3
40 LAFAYETTE ST	1934	Mission	6
1221 JONES ST	1971	Nob Hill	3
644 Geary St	1989	Tenderloin	3
701 MONTGOMERY ST	1911	Chinatown	3
1201 Funston Ave	1958	Inner Sunset	7
163 EDDY ST	1911	Tenderloin	5
381 BUSH ST	1907	Financial District/South Beach	3
80 6TH ST	1912	South of Market	6
507 CLEMENT ST	1910	Inner Richmond	1
250 SUTTER ST	1909	Financial District/South Beach	3
444 BRYANT ST	1923	Financial District/South Beach	6
136 MCALLISTER ST	1910	Tenderloin	5
616 GRANT AVE	1900	Chinatown	3
845 JACKSON ST	1924	Chinatown	3
48 PIER - SHED A	1900	Mission Bay	6
300 KANSAS ST	1937	Mission Bay	10
345 W PORTAL AVE	1966	West of Twin Peaks	7
401 3RD ST	1997	Financial District/South Beach	6
169 11TH ST	1923	South of Market	6
1300 4TH ST	NA	Mission Bay	6
565 COMMERCIAL ST	1985	Chinatown	3
38 DOLORES ST	2014	Castro/Upper Market	8
1177 CALIFORNIA ST	1978	Nob Hill	3
250 5TH ST	NA	South of Market	6
3801 3RD ST	1903	Bayview Hunters Point	10
375 BEALE ST	2002	Financial District/South Beach	6
1980 WASHINGTON ST	1923	Pacific Heights	2
345 Brannan St	2016	Financial District/South Beach	6
750-756 STANYAN ST	1907	Haight Ashbury	8
1275 MARKET ST.	1976	South of Market	6
246 1ST ST	1900	Financial District/South Beach	6
650 7TH ST	1908	South of Market	6
350 TOWNSEND ST	1906	South of Market	6
501 ALABAMA ST	1936	Mission	9
300 BUCHANAN ST	1931	Hayes Valley	5
1 STONESTOWN MALL	1951	Lakeshore	7
1201 MARKET ST	1964	South of Market	6
50 CHURCH ST	1905	Hayes Valley	8
1520 STOCKTON ST	1926	North Beach	3
301 BRANNAN ST	1909	Financial District/South Beach	6
545 POST ST	1913	Tenderloin	3
358 PINE ST	1928	Financial District/South Beach	3
720 YORK ST	1999	Mission	9
735 7TH AVE	2008	Inner Richmond	1
505 MONTGOMERY ST	0	Chinatown	3
788 Harrison St	2000	South of Market	6
1660 VAN NESS AVE	1911	Nob Hill	3
1125 Mission St	1927	South of Market	6
580 MCALLISTER ST	1912	Western Addition	5
1710 15TH ST	2007	Mission	9
3445 GEARY BLVD	2001	Lone Mountain/USF	2
211 SUTTER ST	1907	Financial District/South Beach	3
160 BAY ST	1968	North Beach	3
1630 Pacific Ave	NA	Russian Hill	3
75 INDUSTRIAL ST	1956	Bayview Hunters Point	10
3040 LARKIN ST	1925	Russian Hill	2
333 BAKER ST	1908	Lone Mountain/USF	5
1455 STOCKTON ST	1929	Chinatown	3
251 POST ST	1908	Financial District/South Beach	3
4050 19TH AVE	1993	Oceanview/Merced/Ingleside	11
101 VALLEJO ST	1906	Financial District/South Beach	3
2000 POST ST	NA	Japantown	5
28 Pier	1900	Financial District/South Beach	6
2200 LEAVENWORTH ST	1928	Russian Hill	3
859 JAMESTOWN AVE	NA	Bayview Hunters Point	10
1201 GOLDEN GATE AVE	1980	Western Addition	5
81 LANSING ST	1995	Financial District/South Beach	6
2000 CHESTNUT ST	1927	Marina	2
301 CARL ST	1927	Inner Sunset	8
51 FEDERAL ST	1923	Financial District/South Beach	6
703 MARKET ST	1908	Financial District/South Beach	6
560 MISSION ST	2002	Financial District/South Beach	6
1930 MARKET ST	1954	Hayes Valley	8
155 5TH ST	1973	South of Market	6
10 UNITED NATIONS PLZ	1982	Tenderloin	5
1101 Connecticut St	NA	Bayview Hunters Point	10
3540 Geary Blvd	1955	Presidio Heights	2
140 9TH ST	1933	South of Market	6
459 FULTON ST	1969	Hayes Valley	5
650 DELANCEY ST	1996	Financial District/South Beach	6
1296 Shotwell St	1948	Mission	9
575 6TH ST	1956	South of Market	6
111 CAMBON DR	1949	Lakeshore	7
111 JONES ST	1993	Tenderloin	5
1398 BRYANT ST	1900	Mission	9
1717 MISSION ST	1952	Mission	9
67 5TH ST	1923	South of Market	6
225 BUSH ST	1921	Financial District/South Beach	3
520 WASHINGTON ST	1940	Chinatown	3
350 CHURCH ST	1981	Castro/Upper Market	8
124 SPEAR ST	1918	Financial District/South Beach	6
100 SPEAR ST	1985	Financial District/South Beach	6
2071 3RD ST	2008	Potrero Hill	10
300 Toland St	1968	Bayview Hunters Point	10
524 SUTTER ST	1914	Nob Hill	3
150 POST ST	1908	Financial District/South Beach	3
1600 Owens St	NA	Mission Bay	6
965 CLAY ST	1932	Chinatown	3
2025 MCKINNON AVE	1967	Bayview Hunters Point	10
320 CLEMENTINA ST	2007	South of Market	6
1600 VAN NESS AVE	1913	Nob Hill	3
1601 MARIPOSA ST	2020	Potrero Hill	10
100 HOOPER ST	2018	Mission Bay	6
435 PACIFIC AVE	2002	Chinatown	3
838 GRANT AVE	1966	Chinatown	3
333 EUCALYPTUS DR	1953	Lakeshore	4
11 BUCARELI DR	1942	Lakeshore	7
55 9TH ST	2014	South of Market	6
405 JACKSON ST	1853	Chinatown	3
945 MARKET ST	0	South of Market	6
360 3RD ST	1976	South of Market	6
160 SANSOME ST	1965	Financial District/South Beach	3
50 CHUMASERO DR	NA	Lakeshore	7
188 KING ST	2006	Mission Bay	6
1335 WEBSTER ST	1983	Western Addition	5
1400 BAKER ST	1943	Japantown	5
100 THE EMBARCADERO	1889	Financial District/South Beach	6
827 STOCKTON ST	1914	Chinatown	3
2455 Golden Gate Ave	1921	Lone Mountain/USF	1
27 Pier	1900	Financial District/South Beach	3
348 PINE ST	1907	Financial District/South Beach	3
19 PIER	1900	Financial District/South Beach	3
333 Valencia St	1919	Mission	9
1625 POST ST	0	Japantown	5
5600 3rd St	2009	Bayview Hunters Point	10
679 3RD ST	1906	Financial District/South Beach	6
600 MONTGOMERY ST	1971	Chinatown	3
995 MARKET ST	1908	South of Market	6
600 HARRISON ST	1989	Financial District/South Beach	6
140 CASHMERE ST	1973	Bayview Hunters Point	10
54 MINT ST	1907	South of Market	6
601 CALIFORNIA ST	1960	Financial District/South Beach	3
70 Pier, Bldg # 2	1941	Potrero Hill	10
679 CLAY ST	1909	Chinatown	3
1707 MARKET ST	1955	Mission	6
801 SILVER AVE	1927	Portola	9
1010 SOUTH VAN NESS AVE	1998	Mission	9
1100 GOUGH ST	1964	Western Addition	2
3 MASONIC AVE	1900	Presidio Heights	2
901 VAN NESS AVE	1926	Western Addition	2
401 SANSOME ST	1906	Chinatown	3
301 MISSION ST	2009	Financial District/South Beach	6
1243 VAN NESS AVE	1913	Western Addition	2
4700 GEARY BLVD	1921	Inner Richmond	1
499 ILLINOIS ST	2008	Mission Bay	6
450 TOLAND ST	1969	Bayview Hunters Point	10
366 EDDY ST	1908	Tenderloin	5
1265 FOLSOM ST	1936	South of Market	6
201 Toland St	1965	Bayview Hunters Point	10
1550 VAN NESS AVE	1973	Nob Hill	3
466 BUSH ST	2007	Financial District/South Beach	3
2095 LOMBARD ST	1982	Marina	2
1430 BUSH ST	1914	Nob Hill	3
629 BUCHANAN ST	1998	Hayes Valley	5
215 KING ST	2002	Mission Bay	6
1188 MISSION ST	2010	South of Market	6
180 NEW MONTGOMERY ST	1920	Financial District/South Beach	6
595 MARKET ST	1978	Financial District/South Beach	6
1698 POST ST	1979	Japantown	5
1023 MISSION ST	1919	South of Market	6
650 BUSH ST	1912	Nob Hill	3
1212 GEARY BLVD	1945	Western Addition	2
1 STOCKTON ST	1973	Financial District/South Beach	3
Pier 17, Suite 100	1900	Financial District/South Beach	3
225 VALENCIA ST	1907	Mission	9
1069 PENNSYLVANIA AVE	1983	Potrero Hill	10
130 GEARY ST	1984	Financial District/South Beach	3
1810 Harrison St	1924	Mission	9
345 TAYLOR ST	1926	Tenderloin	5
375 FELL ST	1994	Hayes Valley	5
201 8TH ST	1900	South of Market	6
1335 4TH St	NA	Mission Bay	6
340 BRANNAN ST	1911	Financial District/South Beach	6
1091 BUSH ST	1910	Nob Hill	3
1340 CLAY ST	1991	Nob Hill	3
2324 CHESTNUT ST	1937	Marina	2
810 BATTERY ST	2008	Financial District/South Beach	3
1201 BRYANT ST	1927	Mission	6
2322 LOMBARD ST	1954	Marina	2
201 KEARNY ST	1910	Financial District/South Beach	3
203 Folsom St	2015	Financial District/South Beach	6
25 SANCHEZ ST	1972	Castro/Upper Market	8
39 STOCKTON ST	1909	Financial District/South Beach	3
1389 UNDERWOOD AVE	1966	Bayview Hunters Point	10
1501 NEWHALL ST	1989	Bayview Hunters Point	10
1300 BUSH ST	1975	Nob Hill	3
468 ELLIS ST	1908	Tenderloin	5
3900 Balboa St	1948	Outer Richmond	1
645 LEAVENWORTH ST	1913	Tenderloin	3
600 ALABAMA ST	1911	Mission	9
1 Ferry Building	NA	Financial District/South Beach	3
895 GEARY ST	1970	Tenderloin	5
654 MISSION ST	2009	Financial District/South Beach	6
1348-1380 Bush St	NA	Nob Hill	3
180 POST ST	1908	Financial District/South Beach	3
333 1ST ST	NA	Financial District/South Beach	6
921 HOWARD ST	1924	South of Market	6
456 MONTGOMERY ST	1986	Financial District/South Beach	3
434 ELLIS ST	1926	Tenderloin	5
50 FELL ST	1931	Tenderloin	6
1385 CARROLL AVE	1959	Bayview Hunters Point	10
3400 LAGUNA ST	1924	Marina	2
665 BUSH ST	2000	Financial District/South Beach	3
645 BUSH ST	1911	Financial District/South Beach	3
2045 EVANS AVE	2002	Bayview Hunters Point	10
140 ELLIS ST	1908	Tenderloin	3
155 SANSOME ST	1929	Financial District/South Beach	3
822 BUCHANAN ST	1975	Hayes Valley	5
312 FILLMORE ST	1925	Hayes Valley	5
2001 MISSION ST	1916	Mission	9
777 DAVIS ST	1927	Financial District/South Beach	3
400 CALIFORNIA ST	1907	Financial District/South Beach	3
2 HARRISON ST	1925	Financial District/South Beach	6
1301 FRANKLIN ST	1995	Western Addition	2
2000 3RD ST	2002	Potrero Hill	10
2265 LOMBARD ST	1959	Marina	2
480 2ND ST	1922	Financial District/South Beach	6
208 UTAH STREET	1911	Mission	6
2150 Oakdale Ave	1948	Bayview Hunters Point	10
868 WASHINGTON ST	1907	Chinatown	3
960 COLUMBUS AVE	1984	North Beach	3
625 8TH ST	1900	South of Market	6
1080 EDDY ST	1929	Western Addition	2
470 PACIFIC AVE	1907	North Beach	3
1800 MISSION ST	1900	Mission	9
1555 GALVEZ AVE	0	Bayview Hunters Point	10
300 CALIFORNIA ST	1946	Financial District/South Beach	3
1650 OWENS ST	0	Mission Bay	6
323 SUTTER ST	1909	Financial District/South Beach	3
5200 GEARY BLVD	1966	Outer Richmond	1
3110 OCTAVIA ST	1924	Marina	2
501 COLUMBUS AVE	1907	Chinatown	3
1950 Mission St	NA	Mission	9
156 GEARY ST	1907	Financial District/South Beach	3
135 Townsend Street	1911	Mission Bay	6
1830 HARRISON ST	1906	Mission	9
318 SPEAR ST	2008	Financial District/South Beach	6
300 GOUGH ST	2000	Hayes Valley	5
916 BUCHANAN ST	1972	Western Addition	5
2485 MISSION ST	1925	Mission	9
243 JEFFERSON ST	1937	North Beach	3
1256 MARKET ST	1908	Tenderloin	6
711 PACIFIC AVE	1950	Chinatown	3
1601 LANE ST	1949	Bayview Hunters Point	10
THE EMBARCADERO #0001	NA	Financial District/South Beach	3
448 BRYANT ST	1924	Financial District/South Beach	6
2276-2282 MARKET ST	1987	Castro/Upper Market	8
77 VAN NESS AVE	2009	Hayes Valley	6
255 SUTTER ST	1908	Financial District/South Beach	3
90 GOUGH ST	2008	Hayes Valley	6
934 HOWARD ST	1924	South of Market	6
701 SUTTER ST	1910	Nob Hill	3
514 MINNA ST	1994	South of Market	6
1 MONTGOMERY STREET	1908	Financial District/South Beach	3
640 DAVIS ST	1983	Financial District/South Beach	3
1760 CESAR CHAVEZ ST	1986	Bayview Hunters Point	10
1595 LOMBARD ST	1989	Marina	2
740 WASHINGTON ST	1907	Chinatown	3
45 PIER - SHED D	1900	North Beach	3
167 JESSIE ST	2002	Financial District/South Beach	6
1058 HOWARD ST	1927	South of Market	6
430 HOWARD ST	2007	Financial District/South Beach	6
1301 HARRISON ST	1926	South of Market	6
3950 24TH STREET	1968	Noe Valley	8
151 10TH ST	1924	South of Market	6
22 PEACE PLZ	1971	Japantown	5
101 DONAHUE ST	NA	Bayview Hunters Point	10
355 11TH ST	1906	South of Market	6
101 BARNEVELD AVE	1975	Bayview Hunters Point	10
2145 MARKET ST	1949	Castro/Upper Market	8
3150 CALIFORNIA ST	1942	Presidio Heights	2
1656 CALIFORNIA ST	1968	Nob Hill	3
1020 FILLMORE ST	1971	Western Addition	5
360 LANGTON ST	1928	South of Market	6
800 GREAT HWY	1982	Outer Richmond	1
801 Market St	NA	South of Market	6
572 FOLSOM ST	1912	Financial District/South Beach	6
2155 WEBSTER ST	1900	Pacific Heights	2
330 7TH AVE	1949	Inner Richmond	1
475 VALENCIA ST	1923	Mission	9
2275 BROADWAY	1926	Pacific Heights	2
647 MISSION ST	1907	Financial District/South Beach	6
500 BUSH ST	1912	Financial District/South Beach	3
243 ALABAMA STREET	1925	Mission	9
2601 MASON ST	1959	North Beach	3
140 7TH ST	1980	South of Market	6
230 EDDY ST	1927	Tenderloin	5
1990 FOLSOM ST	1963	Mission	9
678 MISSION ST	1922	Financial District/South Beach	6
833 Bryant St	1987	South of Market	6
50 OAK ST	2008	Hayes Valley	6
2101 MISSION ST	1916	Mission	9
315 BAY ST	1976	North Beach	3
701 GOLDEN GATE AVE	1900	Western Addition	5
1639 Oak Street	2016	Haight Ashbury	5
745 FRANKLIN ST	1953	Western Addition	2
1150 THOMAS AVE	1953	Bayview Hunters Point	10
500 MONTGOMERY ST	1918	Chinatown	3
837 TURK ST	2007	Western Addition	2
434 BRANNAN ST	1929	South of Market	6
444 DE HARO ST	1927	Potrero Hill	10
72 Ellis St	1960	Financial District/South Beach	3
154 CAPP ST	1922	Mission	9
86 GOLDEN GATE AVE	1918	Tenderloin	5
744 MARKET ST	1910	Financial District/South Beach	3
447 BATTERY ST	1907	Chinatown	3
1400 MISSION ST	NA	South of Market	6
1235 HOWARD ST	2000	South of Market	6
1170 SACRAMENTO ST	1963	Nob Hill	3
111 POWELL ST	1910	Tenderloin	3
3320 20TH ST	1920	Mission	9
1839 15TH ST	1983	Mission	8
1515 PINE ST	1924	Nob Hill	3
330 BERRY ST	2009	Mission Bay	6
112 7TH ST	1911	South of Market	6
1975 MARKET ST	1922	Mission	8
1320 MARIN ST	1951	Bayview Hunters Point	10
1009 STOCKTON ST	1910	Chinatown	3
2400 PACIFIC AVE	1932	Pacific Heights	2
1313 ARMSTRONG AVE	1960	Bayview Hunters Point	10
20 COSMO PL	1921	Nob Hill	3
3065 JACKSON STREET	1917	Pacific Heights	2
965 SUTTER ST	1990	Nob Hill	3
3201 20TH AVE	0	Lakeshore	7
1300 BUCHANAN ST	2001	Western Addition	5
1 KEARNY ST	0	Financial District/South Beach	3
1740 CESAR CHAVEZ	1986	Bayview Hunters Point	10
478 WARREN DR	1975	Inner Sunset	7
45 CLEARY CT	NA	Western Addition	2
135 KISKA RD	NA	Bayview Hunters Point	10
1325 INDIANA ST	2002	Potrero Hill	10
300 BEALE ST	1937	Financial District/South Beach	6
2400 Noriega St	NA	Sunset/Parkside	4
1400 MASON ST	1912	Chinatown	3
460 9TH ST	1927	South of Market	6
562 MARKET ST	1923	Financial District/South Beach	3
140 SANSOME ST	1908	Financial District/South Beach	3
1485 BAYSHORE BLVD	1927	Bayview Hunters Point	10
480 SUTTER ST	0	Financial District/South Beach	3
2298 PACIFIC AVE	NA	Pacific Heights	2
235 PINE ST	1991	Financial District/South Beach	3
25 RUSSIA AVE	1940	Excelsior	11
3543 18TH ST	1906	Mission	9
375 BRANNAN ST	1979	Financial District/South Beach	6
2600 ARELIOUS WALKER DR	NA	Bayview Hunters Point	10
1 DANIEL BURNHAM CT #1	1987	Western Addition	2
1620 STOCKTON ST	1936	North Beach	3
1150 25TH ST	1967	Potrero Hill	10
335 POWELL ST	1904	Tenderloin	3
33 TURK ST	2022	Tenderloin	5
1450 POST ST	1992	Japantown	5
1800 FOLSOM ST	1986	Mission	9
731 SANSOME ST	1911	Chinatown	3
200 PAUL AVE	1955	Bayview Hunters Point	10
979 MARKET ST	1907	South of Market	6
611 Second Street	1909	Financial District/South Beach	6
3350 MISSION ST	1967	Bernal Heights	9
1530 5TH AVE	1950	Inner Sunset	7
2222 17TH ST	1961	Mission	10
123 TOWNSEND ST	1903	Mission Bay	6
96B Pier	1941	Bayview Hunters Point	10
1801 WEDEMEYER ST	NA	Presidio	2
477 OFARRELL ST	1986	Tenderloin	5
2180 POST ST	2000	Japantown	5
300 Treat Ave	1908	Mission	9
650 EDDY ST	NA	Tenderloin	5
3911 ALEMANY BLVD	2002	Oceanview/Merced/Ingleside	7
333 Bush Street	1987	Financial District/South Beach	3
2213 MARKET ST	1909	Castro/Upper Market	8
3855 GEARY BLVD	1917	Inner Richmond	1
545 POWELL ST	1909	Nob Hill	3
364 9TH ST	1955	South of Market	6
826 Van Ness Ave	2009	Tenderloin	5
2690 Geary Blvd	1923	Presidio Heights	2
144 2ND ST	1908	Financial District/South Beach	6
1690 FOLSOM ST	1953	Mission	6
246 POST ST	1908	Financial District/South Beach	3
900 PENNSYLVANIA AVE	1997	Potrero Hill	10
60 BROADWAY	1902	Financial District/South Beach	3
1135 DIVISADERO ST	1983	Western Addition	5
98 Mission St	1979	Financial District/South Beach	6
639 POST ST	1914	Tenderloin	3
865 STOCKTON ST	1977	Chinatown	3
498 6TH ST	2003	South of Market	6
440 GEARY ST	1912	Tenderloin	3
5816 MISSION ST	1998	Outer Mission	11
160 SPEAR ST	0	Financial District/South Beach	6
150 CALIFORNIA ST	2000	Financial District/South Beach	3
150 MISSISSIPPI ST	1945	Potrero Hill	10
901 MINNESOTA ST	1940	Potrero Hill	10
17 POWELL ST	1910	Tenderloin	3
2800 3RD ST	1925	Potrero Hill	10
3060 16TH ST	1908	Mission	9
540 ALABAMA ST	1922	Mission	9
945 BATTERY ST	1911	Financial District/South Beach	3
923 Folsom Street	1967	South of Market	6
35 WOODWARD ST	1907	Mission	9
701 PHELPS ST	1954	Bayview Hunters Point	10
1177 MARKET ST	2020	South of Market	6
472 TOWNSEND ST	1920	Mission Bay	6
1301 VAN NESS AVE	1912	Western Addition	2
2318 Fillmore St.	1986	Pacific Heights	2
577 2ND ST	1923	Financial District/South Beach	6
3830 3RD ST	1985	Bayview Hunters Point	10
3398 Mission St	1917	Bernal Heights	9
25 ESSEX ST	2013	Financial District/South Beach	6
706 ELLIS ST	1908	Tenderloin	5
1881 BUSH ST	1895	Pacific Heights	5
130 SUTTER ST	1917	Financial District/South Beach	3
430 TURK ST	1987	Tenderloin	5
475 GOUGH ST	2014	Hayes Valley	5
830 Eddy St	NA	Western Addition	2
2351 Powell St	1968	North Beach	3
524 POST ST	1912	Nob Hill	3
250 CLAY ST	1967	Financial District/South Beach	3
757 MARKET ST	2001	Financial District/South Beach	6
101 POLK ST	2016	Tenderloin	6
111 Mason St	NA	Tenderloin	5
631 OFARRELL ST	1930	Tenderloin	5
3200 CALIFORNIA ST	0	Presidio Heights	2
838 MARKET ST	1930	Financial District/South Beach	3
1754 NORIEGA ST	1946	Sunset/Parkside	4
39 DRUMM STREET	1912	Financial District/South Beach	3
1275 MINNESOTA ST	1937	Potrero Hill	10
1635 DIVISADERO ST	1989	Japantown	5
625 2ND ST	1905	Financial District/South Beach	6
121 SPEAR ST	1925	Financial District/South Beach	6
2050 GALVEZ AVE	1968	Bayview Hunters Point	10
1263 HOWARD ST	1936	South of Market	6
2201 VAN NESS AVE	1957	Pacific Heights	2
1 TAYLOR ST	1922	Tenderloin	5
145 JEFFERSON ST.	2000	North Beach	3
634 CLAY ST	1912	Chinatown	3
301 PINE ST	1909	Financial District/South Beach	3
1760 DIAMOND ST	1971	Noe Valley	8
1278 MARKET ST	1907	Tenderloin	6
169 STEUART ST	1926	Financial District/South Beach	6
661 HOWARD ST	1972	Financial District/South Beach	6
5420 GEARY BLVD	1923	Outer Richmond	1
1244 SUTTER ST	1911	Nob Hill	3
3120 Mission Street	1956	Bernal Heights	9
1155 4TH ST	2014	Mission Bay	6
450 9TH ST	1926	South of Market	6
701 8TH ST	2008	Mission Bay	6
901 MISSION ST	1924	South of Market	6
1215 FELL ST	1909	Hayes Valley	5
388 BEALE ST	1937	Financial District/South Beach	6
1320 BRYANT ST	2003	Mission	9
33 PIER	1900	North Beach	3
3400 Cesar Chavez	2009	Mission	9
2225 23RD ST	1989	Potrero Hill	10
455 VALLEJO ST	1973	North Beach	3
639 FRONT ST	1906	Financial District/South Beach	3
267 8TH ST	1911	South of Market	6
1078 SUTTER ST	2014	Nob Hill	3
101 UTAH ST	1957	Mission	6
795 FOLSOM ST	1979	South of Market	6
888 TENNESSEE ST	1953	Potrero Hill	10
2425 GEARY BLVD	1952	Lone Mountain/USF	2
601 VAN NESS AVE	1983	Western Addition	2
2450 SUTTER ST	1911	Pacific Heights	2
66 CLEARY CT	1963	Western Addition	2
145 GUERRERO ST	1980	Mission	9
1500 16TH ST	1952	Mission Bay	6
1530 BUSH ST	1916	Western Addition	2
501 CESAR CHAVEZ	0	Bayview Hunters Point	10
1563 MISSION ST	1917	Mission	6
1900 OAKDALE AVE	1962	Bayview Hunters Point	10
111 ELLIS ST	1907	Tenderloin	3
275 POST ST	1909	Financial District/South Beach	3
3130 20TH ST	1949	Mission	9
2101 Sutter St	1987	Japantown	5
348 6TH ST	1924	South of Market	6
290 Malosi Street	NA	Visitacion Valley	10
1616 16TH ST	1912	Mission Bay	6
975 Bryant St	1928	South of Market	6
735 MONTGOMERY ST	1924	Chinatown	3
75 ARKANSAS ST	2017	Mission Bay	10
510 SOUTH VAN NESS AVE	1907	Mission	9
333 KEARNY ST	1907	Financial District/South Beach	3
300 ARBALLO DR	1950	Lakeshore	7
150 STOCKTON ST.	0	Financial District/South Beach	3
655 Montgomery Street	1984	Chinatown	3
33 COLUMBUS AVE	1913	Chinatown	3
1045 17TH ST	1900	Potrero Hill	10
333 FREMONT ST	2014	Financial District/South Beach	6
100 JERROLD AVE	1989	Bayview Hunters Point	10
2299 POST ST	1963	Japantown	5
579 MARKET ST	1907	Financial District/South Beach	6
400-430 California Street	NA	Financial District/South Beach	3
781 BEACH ST	1912	Russian Hill	2
246 2ND ST	NA	Financial District/South Beach	6
1000 SANSOME ST	1904	Financial District/South Beach	3
701 BAY SHORE BLVD	1952	Bayview Hunters Point	10
545 SANSOME ST	1930	Chinatown	3
85 BLUXOME ST	1900	South of Market	6
2700 ARELIOUS WALKER DR	NA	Bayview Hunters Point	10
984 FOLSOM ST	1928	South of Market	6
1736 STOCKTON ST	1907	North Beach	3
2295 VALLEJO ST	1975	Pacific Heights	2
461 2ND ST	1907	Financial District/South Beach	6
555 FULTON ST	2020	Hayes Valley	5
10 ROSIE LEE LN	1978	Bayview Hunters Point	10
414 MASON ST	1911	Tenderloin	3
615 GRANT AVE	1907	Chinatown	3
450 SANSOME ST	1967	Chinatown	3
5260 DIAMOND HEIGHTS BLVD	1964	Glen Park	8
3000 23RD ST	2006	Mission	9
749 Toland St	NA	Bayview Hunters Point	10
1244 MARKET ST	1906	Tenderloin	6
500 SUTTER ST	1914	Nob Hill	3
2558 MISSION ST	2014	Mission	9
2350 Turk Blvd	1930	Lone Mountain/USF	1
1 POWELL ST	1921	Tenderloin	3
155 BRANNAN ST	1989	Financial District/South Beach	6
2505 MARIPOSA ST	1923	Mission	9
2335 Golden Gate Ave	1921	Lone Mountain/USF	1
1111 JUNIPERO SERRA BLVD	1953	Oceanview/Merced/Ingleside	11
98 W PORTAL AVE	NA	West of Twin Peaks	7
555 JACKSON ST	2005	Chinatown	3
301 Toland St	1942	Bayview Hunters Point	10
2739 TAYLOR ST	1953	North Beach	3
559 SUTTER ST	1921	Nob Hill	3
451 MONTGOMERY ST	1907	Financial District/South Beach	3
555 9TH ST	1991	South of Market	6
